mean_fit_time,std_fit_time,mean_score_time,std_score_time,param_clf__batch_size,param_clf__epochs,param_clf__layers,param_clf__optimizer,param_preproc__k,params,split0_test_accuracy,split1_test_accuracy,split2_test_accuracy,split3_test_accuracy,split4_test_accuracy,mean_test_accuracy,std_test_accuracy,rank_test_accuracy,split0_test_f1,split1_test_f1,split2_test_f1,split3_test_f1,split4_test_f1,mean_test_f1,std_test_f1,rank_test_f1
1.7509291172027588,0.039078365629630955,0.15212688446044922,0.006302039928632295,16,5,"[64, 32]",adam,80,"{'clf__batch_size': 16, 'clf__epochs': 5, 'clf__layers': [64, 32], 'clf__optimizer': 'adam', 'preproc__k': 80}",0.7621951219512195,0.7367886178861789,0.7408536585365854,0.7367886178861789,0.7520325203252033,0.7457317073170732,0.009944820994085422,118,0.7457377511189661,0.7282764624937302,0.7245815246775144,0.7283055312080595,0.7394113963379977,0.7332625331672535,0.007977872633967176,116
1.7956984996795655,0.06443580840580622,0.14572649002075194,0.012637564345742779,16,5,"[64, 32]",adam,90,"{'clf__batch_size': 16, 'clf__epochs': 5, 'clf__layers': [64, 32], 'clf__optimizer': 'adam', 'preproc__k': 90}",0.8729674796747967,0.8709349593495935,0.8313008130081301,0.8932926829268293,0.8902439024390244,0.8717479674796749,0.022110607729223443,74,0.8617693402566381,0.8646618942098332,0.8184601813754926,0.8882971246487122,0.8851061799945221,0.8636589440970397,0.024958078979361385,71
1.954892873764038,0.12527940818962316,0.15002031326293946,0.007552370156506137,16,5,"[64, 32]",adam,100,"{'clf__batch_size': 16, 'clf__epochs': 5, 'clf__layers': [64, 32], 'clf__optimizer': 'adam', 'preproc__k': 100}",0.931910569105691,0.9126016260162602,0.891260162601626,0.9105691056910569,0.9166666666666666,0.9126016260162603,0.013030341808800493,48,0.9216891599182556,0.8976056793842088,0.8761039011065522,0.897679805872291,0.9069538313730788,0.9000064755308772,0.01483856349778694,48
2.0074821949005126,0.13398786758646597,0.15141987800598145,0.013044598649755861,16,5,"[64, 32]",adam,110,"{'clf__batch_size': 16, 'clf__epochs': 5, 'clf__layers': [64, 32], 'clf__optimizer': 'adam', 'preproc__k': 110}",0.9563008130081301,0.9359756097560976,0.9400406504065041,0.9512195121951219,0.9715447154471545,0.9510162601626015,0.012618006662738813,35,0.9466850966958287,0.9239549508858452,0.9294824920797936,0.9400192541447473,0.9644832436566247,0.940925007492568,0.014197911734653335,35
1.9418477058410644,0.15292715439329052,0.18192825317382813,0.05469691934901207,16,5,"[64, 32]",adam,120,"{'clf__batch_size': 16, 'clf__epochs': 5, 'clf__layers': [64, 32], 'clf__optimizer': 'adam', 'preproc__k': 120}",0.9979674796747967,0.9969512195121951,0.9989837398373984,0.9989837398373984,0.9979674796747967,0.9981707317073172,0.0007604994688565126,6,0.997932528928464,0.9968888137708668,0.9989824113927414,0.9989833638624955,0.9979639448568399,0.9981502125622816,0.0007822921086105916,13
1.7856785297393798,0.11477899475516513,0.19052591323852539,0.07336279747852822,16,5,"[64, 32]",sgd,80,"{'clf__batch_size': 16, 'clf__epochs': 5, 'clf__layers': [64, 32], 'clf__optimizer': 'sgd', 'preproc__k': 80}",0.3201219512195122,0.46239837398373984,0.38109756097560976,0.5335365853658537,0.4095528455284553,0.4213414634146342,0.07249461792345009,159,0.2603926947572855,0.40397876701314184,0.318731336435955,0.4739515306223091,0.3394878034123596,0.35930842644821015,0.07343318046796452,159
1.636305809020996,0.04338922631214989,0.13842196464538575,0.004757100819486695,16,5,"[64, 32]",sgd,90,"{'clf__batch_size': 16, 'clf__epochs': 5, 'clf__layers': [64, 32], 'clf__optimizer': 'sgd', 'preproc__k': 90}",0.44410569105691056,0.358739837398374,0.3617886178861789,0.41565040650406504,0.6189024390243902,0.4398373983739837,0.09522178764663124,157,0.35395839075157026,0.27710509213413576,0.2792673192583695,0.36048026791909593,0.5592518188811565,0.36601257778886553,0.10290441687169542,158
1.6469530582427978,0.11770905318749826,0.14642200469970704,0.009811611743141007,16,5,"[64, 32]",sgd,100,"{'clf__batch_size': 16, 'clf__epochs': 5, 'clf__layers': [64, 32], 'clf__optimizer': 'sgd', 'preproc__k': 100}",0.5050813008130082,0.5619918699186992,0.516260162601626,0.42073170731707316,0.5701219512195121,0.5148373983739838,0.05335356174981542,151,0.43267531965669054,0.5102807709275691,0.4539882955328843,0.36447989164287276,0.49707244542479034,0.45169934463696143,0.051893906356308035,151
1.5933924198150635,0.12672077021572759,0.1726240634918213,0.054549108128390304,16,5,"[64, 32]",sgd,110,"{'clf__batch_size': 16, 'clf__epochs': 5, 'clf__layers': [64, 32], 'clf__optimizer': 'sgd', 'preproc__k': 110}",0.5294715447154471,0.6463414634146342,0.6361788617886179,0.4400406504065041,0.6270325203252033,0.5758130081300813,0.07977894719220627,143,0.4423329641077546,0.5909398072709396,0.5772814465986584,0.32816511669922116,0.581106602386967,0.5039651874127082,0.10353246068467108,143
1.4913094520568848,0.05174773367784011,0.14632720947265626,0.005715644154903278,16,5,"[64, 32]",sgd,120,"{'clf__batch_size': 16, 'clf__epochs': 5, 'clf__layers': [64, 32], 'clf__optimizer': 'sgd', 'preproc__k': 120}",0.6026422764227642,0.5985772357723578,0.5772357723577236,0.6117886178861789,0.5599593495934959,0.5900406504065041,0.01883346977009819,140,0.5228739112546356,0.5213706033815202,0.49983855216985834,0.5237086623373276,0.4615844718096986,0.5058752401906081,0.02385458366794785,142
2.0902703285217283,0.04905903329763779,0.14732084274291993,0.007009217172942794,16,5,"[128, 64]",adam,80,"{'clf__batch_size': 16, 'clf__epochs': 5, 'clf__layers': [128, 64], 'clf__optimizer': 'adam', 'preproc__k': 80}",0.7621951219512195,0.7367886178861789,0.7408536585365854,0.7367886178861789,0.7520325203252033,0.7457317073170732,0.009944820994085422,118,0.7457377511189661,0.7282764624937302,0.7245815246775144,0.7283055312080595,0.7394113963379977,0.7332625331672535,0.007977872633967176,116
2.290891647338867,0.18111519633034243,0.14662022590637208,0.007146429859941996,16,5,"[128, 64]",adam,90,"{'clf__batch_size': 16, 'clf__epochs': 5, 'clf__layers': [128, 64], 'clf__optimizer': 'adam', 'preproc__k': 90}",0.8719512195121951,0.8617886178861789,0.8313008130081301,0.8861788617886179,0.8902439024390244,0.8682926829268294,0.02109908824774144,82,0.8612331229558013,0.8604186144590382,0.8184601813754926,0.8837311290529412,0.8851061799945221,0.8617898455675592,0.024102785672666754,80
2.1143006801605226,0.022192730986608716,0.1479198455810547,0.005581692172715685,16,5,"[128, 64]",adam,100,"{'clf__batch_size': 16, 'clf__epochs': 5, 'clf__layers': [128, 64], 'clf__optimizer': 'adam', 'preproc__k': 100}",0.931910569105691,0.9126016260162602,0.891260162601626,0.9034552845528455,0.9166666666666666,0.9111788617886178,0.013552506567617601,51,0.9216891599182556,0.8976056793842088,0.8761039011065522,0.8925319862122763,0.9069538313730788,0.8989769115988743,0.015139811245934099,50
2.3115344524383543,0.09019559664089404,0.15942587852478027,0.008358768234997708,16,5,"[128, 64]",adam,110,"{'clf__batch_size': 16, 'clf__epochs': 5, 'clf__layers': [128, 64], 'clf__optimizer': 'adam', 'preproc__k': 110}",0.9563008130081301,0.9400406504065041,0.9400406504065041,0.9512195121951219,0.9715447154471545,0.9518292682926829,0.011721846223818057,31,0.9466850966958287,0.9272288948356021,0.9294824920797936,0.9400192541447473,0.9644832436566247,0.9415797962825193,0.013456302813215307,31
2.369536542892456,0.0820517168770434,0.16163477897644044,0.006274762401899771,16,5,"[128, 64]",adam,120,"{'clf__batch_size': 16, 'clf__epochs': 5, 'clf__layers': [128, 64], 'clf__optimizer': 'adam', 'preproc__k': 120}",0.9979674796747967,0.9969512195121951,0.9989837398373984,0.9989837398373984,0.9989837398373984,0.9983739837398374,0.0008130081300813218,2,0.997932528928464,0.9968888137708668,0.9989824113927414,0.9989833638624955,0.998983298560732,0.9983540833030599,0.0008380244559639145,4
1.9664758682250976,0.07935084142556299,0.1461165428161621,0.010333889733507448,16,5,"[128, 64]",sgd,80,"{'clf__batch_size': 16, 'clf__epochs': 5, 'clf__layers': [128, 64], 'clf__optimizer': 'sgd', 'preproc__k': 80}",0.592479674796748,0.6473577235772358,0.6067073170731707,0.6148373983739838,0.7235772357723578,0.6369918699186992,0.046890909070172584,134,0.5492706768633531,0.6169841980585176,0.5468744587333405,0.578272935363846,0.7027643413516808,0.5988333220741476,0.05781006806552618,134
1.9346570014953612,0.09872414345793286,0.15452356338500978,0.008623745665507889,16,5,"[128, 64]",sgd,90,"{'clf__batch_size': 16, 'clf__epochs': 5, 'clf__layers': [128, 64], 'clf__optimizer': 'sgd', 'preproc__k': 90}",0.7225609756097561,0.7154471544715447,0.5833333333333334,0.6880081300813008,0.6961382113821138,0.6810975609756098,0.05045974764694163,130,0.690057665298782,0.6757158768863422,0.5291835666975808,0.6400403756960931,0.6419255721706607,0.6353846113498918,0.05649579807953556,130
2.004555368423462,0.04635770597996264,0.14852514266967773,0.010592160561967523,16,5,"[128, 64]",sgd,100,"{'clf__batch_size': 16, 'clf__epochs': 5, 'clf__layers': [128, 64], 'clf__optimizer': 'sgd', 'preproc__k': 100}",0.741869918699187,0.8526422764227642,0.774390243902439,0.7449186991869918,0.7876016260162602,0.7802845528455286,0.040125678363303434,102,0.6946557041876054,0.8385753793216596,0.7335505630967123,0.7083592392708874,0.752349869269189,0.7454981510292107,0.05063065177199178,102
2.080560874938965,0.0711422073587321,0.1887338638305664,0.06747604224578314,16,5,"[128, 64]",sgd,110,"{'clf__batch_size': 16, 'clf__epochs': 5, 'clf__layers': [128, 64], 'clf__optimizer': 'sgd', 'preproc__k': 110}",0.8058943089430894,0.7947154471544715,0.7611788617886179,0.8109756097560976,0.7947154471544715,0.7934959349593497,0.01735872314861477,101,0.7698755536681372,0.7502474074371855,0.718823787954571,0.7682959381081572,0.7371933418183606,0.7488872057972823,0.01928530700770609,101
2.1965911388397217,0.18355301842004912,0.1768343448638916,0.0385412346257348,16,5,"[128, 64]",sgd,120,"{'clf__batch_size': 16, 'clf__epochs': 5, 'clf__layers': [128, 64], 'clf__optimizer': 'sgd', 'preproc__k': 120}",0.9502032520325203,0.8841463414634146,0.883130081300813,0.9054878048780488,0.8780487804878049,0.9002032520325203,0.02671353456231905,68,0.9436436813979696,0.8682077323253342,0.8492373743103434,0.8851002227762224,0.8561932255166687,0.8804764472653076,0.03384539753586401,68
3.44881067276001,0.3395174001299957,0.1570230484008789,0.014171986266268416,16,10,"[64, 32]",adam,80,"{'clf__batch_size': 16, 'clf__epochs': 10, 'clf__layers': [64, 32], 'clf__optimizer': 'adam', 'preproc__k': 80}",0.7571138211382114,0.7469512195121951,0.7357723577235772,0.7510162601626016,0.7479674796747967,0.7477642276422765,0.00696416329228123,110,0.7442247113132433,0.7310621834543882,0.7231663393392203,0.733093128957417,0.7385028639607486,0.7340098454050035,0.007094242807863971,108
3.2423848628997805,0.047603149475340424,0.1498192310333252,0.011397851288563417,16,10,"[64, 32]",adam,90,"{'clf__batch_size': 16, 'clf__epochs': 10, 'clf__layers': [64, 32], 'clf__optimizer': 'adam', 'preproc__k': 90}",0.8678861788617886,0.8709349593495935,0.8262195121951219,0.8932926829268293,0.8902439024390244,0.8697154471544716,0.023975125916265265,79,0.8592741299045494,0.8646618942098332,0.8164735337424862,0.8882971246487122,0.8851061799945221,0.8627625725000205,0.02572820208680887,76
3.5030468940734862,0.17639091339295995,0.15691900253295898,0.006980488027835763,16,10,"[64, 32]",adam,100,"{'clf__batch_size': 16, 'clf__epochs': 10, 'clf__layers': [64, 32], 'clf__optimizer': 'adam', 'preproc__k': 100}",0.926829268292683,0.9126016260162602,0.8841463414634146,0.9105691056910569,0.915650406504065,0.9099593495934959,0.014075845279008776,59,0.9177963423508818,0.8976056793842088,0.8712530814822657,0.897679805872291,0.9059367232670791,0.8980543264713452,0.015300507528090986,59
3.3703020572662354,0.1114495295525391,0.1567315101623535,0.00971336090166279,16,10,"[64, 32]",adam,110,"{'clf__batch_size': 16, 'clf__epochs': 10, 'clf__layers': [64, 32], 'clf__optimizer': 'adam', 'preproc__k': 110}",0.9563008130081301,0.9400406504065041,0.9400406504065041,0.9512195121951219,0.9715447154471545,0.9518292682926829,0.011721846223818057,31,0.9466850966958287,0.9272288948356021,0.9294824920797936,0.9400192541447473,0.9644832436566247,0.9415797962825193,0.013456302813215307,31
3.4697551250457765,0.23154121425432223,0.1519245147705078,0.008743452464597004,16,10,"[64, 32]",adam,120,"{'clf__batch_size': 16, 'clf__epochs': 10, 'clf__layers': [64, 32], 'clf__optimizer': 'adam', 'preproc__k': 120}",0.9979674796747967,0.9969512195121951,0.9989837398373984,0.9989837398373984,0.9979674796747967,0.9981707317073172,0.0007604994688565126,6,0.997932528928464,0.9968888137708668,0.9989841811140647,0.9989833638624955,0.9979639448568399,0.9981505665065462,0.0007826688624870652,6
2.905121183395386,0.15438939109443023,0.14593005180358887,0.005619615168503901,16,10,"[64, 32]",sgd,80,"{'clf__batch_size': 16, 'clf__epochs': 10, 'clf__layers': [64, 32], 'clf__optimizer': 'sgd', 'preproc__k': 80}",0.6880081300813008,0.6971544715447154,0.7073170731707317,0.6727642276422764,0.7540650406504065,0.7038617886178862,0.027552460492407383,128,0.6586527400740012,0.6784377677248314,0.6812285199542579,0.6448108985112956,0.7378175894053293,0.6801895031339431,0.03175097569632925,128
3.0716046333312987,0.1643276498964417,0.15492000579833984,0.006687456668342571,16,10,"[64, 32]",sgd,90,"{'clf__batch_size': 16, 'clf__epochs': 10, 'clf__layers': [64, 32], 'clf__optimizer': 'sgd', 'preproc__k': 90}",0.806910569105691,0.8353658536585366,0.7611788617886179,0.7560975609756098,0.8607723577235772,0.8040650406504064,0.04085011916877167,100,0.7672848709652744,0.8343502045439006,0.7309275297127964,0.717289623404905,0.8476747954903048,0.7795054048234362,0.05298107725562373,100
2.9470773220062254,0.0884500163286837,0.15101914405822753,0.011988226169214734,16,10,"[64, 32]",sgd,100,"{'clf__batch_size': 16, 'clf__epochs': 10, 'clf__layers': [64, 32], 'clf__optimizer': 'sgd', 'preproc__k': 100}",0.8211382113821138,0.8384146341463414,0.8373983739837398,0.8495934959349594,0.8495934959349594,0.8392276422764228,0.010451187099335315,98,0.7872454393112884,0.8087620021992469,0.8134000516966053,0.8229485610718815,0.822713069932452,0.8110138248422949,0.013076782472121386,97
2.9192065238952636,0.10252123140420634,0.1499250888824463,0.011408728873162126,16,10,"[64, 32]",sgd,110,"{'clf__batch_size': 16, 'clf__epochs': 10, 'clf__layers': [64, 32], 'clf__optimizer': 'sgd', 'preproc__k': 110}",0.8882113821138211,0.9380081300813008,0.8892276422764228,0.8434959349593496,0.8211382113821138,0.8760162601626016,0.04058429583486276,73,0.8604025162002628,0.9251805263987014,0.8611527274483586,0.8010022792081887,0.7705657086488928,0.8436607515808809,0.05365512120025132,95
2.843089389801025,0.13843540576677035,0.14762434959411622,0.0044732961182683256,16,10,"[64, 32]",sgd,120,"{'clf__batch_size': 16, 'clf__epochs': 10, 'clf__layers': [64, 32], 'clf__optimizer': 'sgd', 'preproc__k': 120}",0.975609756097561,0.9644308943089431,0.9908536585365854,0.9563008130081301,0.9654471544715447,0.9705284552845528,0.011868944163135301,24,0.9705768486256291,0.9553921367212325,0.9909879213167034,0.9484375688441652,0.9562463386554558,0.9643281628326372,0.015149047617387197,24
3.96162896156311,0.19350066310507988,0.15231847763061523,0.007751711984955137,16,10,"[128, 64]",adam,80,"{'clf__batch_size': 16, 'clf__epochs': 10, 'clf__layers': [128, 64], 'clf__optimizer': 'adam', 'preproc__k': 80}",0.7601626016260162,0.7469512195121951,0.7357723577235772,0.75,0.7560975609756098,0.7497967479674796,0.008390149366077366,105,0.7450951989586038,0.7310621834543882,0.7231663393392203,0.7326807181455477,0.7405233526285868,0.7345055585052693,0.007643547558780881,103
3.8091126441955567,0.045536968238772964,0.14071946144104003,0.0016310461944675652,16,10,"[128, 64]",adam,90,"{'clf__batch_size': 16, 'clf__epochs': 10, 'clf__layers': [128, 64], 'clf__optimizer': 'adam', 'preproc__k': 90}",0.8678861788617886,0.8709349593495935,0.8262195121951219,0.8932926829268293,0.8861788617886179,0.8689024390243901,0.023325329354381773,80,0.8592741299045494,0.8646618942098332,0.8164735337424862,0.8882971246487122,0.883343547055256,0.8624100459121674,0.025429983310641655,77
3.7702659130096436,0.05270071784969218,0.14112310409545897,0.0009776949067817212,16,10,"[128, 64]",adam,100,"{'clf__batch_size': 16, 'clf__epochs': 10, 'clf__layers': [128, 64], 'clf__optimizer': 'adam', 'preproc__k': 100}",0.926829268292683,0.9126016260162602,0.8841463414634146,0.9105691056910569,0.915650406504065,0.9099593495934959,0.014075845279008776,59,0.9177963423508818,0.8976056793842088,0.8712530814822657,0.897679805872291,0.9059367232670791,0.8980543264713452,0.015300507528090986,59
3.983701467514038,0.2185082926101487,0.17796764373779297,0.05495553345038642,16,10,"[128, 64]",adam,110,"{'clf__batch_size': 16, 'clf__epochs': 10, 'clf__layers': [128, 64], 'clf__optimizer': 'adam', 'preproc__k': 110}",0.9563008130081301,0.9400406504065041,0.9400406504065041,0.9512195121951219,0.9715447154471545,0.9518292682926829,0.011721846223818057,31,0.9466850966958287,0.9272288948356021,0.9294824920797936,0.9400192541447473,0.9644832436566247,0.9415797962825193,0.013456302813215307,31
4.313140392303467,0.1197393363687167,0.15653295516967775,0.004809092571821961,16,10,"[128, 64]",adam,120,"{'clf__batch_size': 16, 'clf__epochs': 10, 'clf__layers': [128, 64], 'clf__optimizer': 'adam', 'preproc__k': 120}",0.9979674796747967,0.9969512195121951,0.9989837398373984,0.9989837398373984,0.9989837398373984,0.9983739837398374,0.0008130081300813218,2,0.997932528928464,0.9968888137708668,0.9989841811140647,0.9989833638624955,0.998983298560732,0.9983544372473245,0.0008382900906888609,2
3.5789955615997315,0.13392151320551746,0.15622591972351074,0.012132626636980805,16,10,"[128, 64]",sgd,80,"{'clf__batch_size': 16, 'clf__epochs': 10, 'clf__layers': [128, 64], 'clf__optimizer': 'sgd', 'preproc__k': 80}",0.7327235772357723,0.7367886178861789,0.7154471544715447,0.6910569105691057,0.758130081300813,0.7268292682926829,0.022462798175440665,127,0.7103508556287325,0.7282764624937302,0.694319475147172,0.672663812565129,0.7411529474697928,0.7093527106609112,0.02425874337801568,126
3.535371112823486,0.16664291372235054,0.15252265930175782,0.013051699300273806,16,10,"[128, 64]",sgd,90,"{'clf__batch_size': 16, 'clf__epochs': 10, 'clf__layers': [128, 64], 'clf__optimizer': 'sgd', 'preproc__k': 90}",0.8475609756097561,0.8617886178861789,0.8048780487804879,0.8617886178861789,0.8607723577235772,0.8473577235772358,0.02191354792185942,96,0.8321709839608292,0.8604186144590382,0.7873672741484217,0.8601144153748426,0.8476747954903048,0.8375492166866874,0.02713624011016075,96
3.4871687412261965,0.19206764906986992,0.1583221435546875,0.007361632179001321,16,10,"[128, 64]",sgd,100,"{'clf__batch_size': 16, 'clf__epochs': 10, 'clf__layers': [128, 64], 'clf__optimizer': 'sgd', 'preproc__k': 100}",0.899390243902439,0.8983739837398373,0.8861788617886179,0.8963414634146342,0.866869918699187,0.8894308943089431,0.01221881167901557,70,0.8825242299326272,0.8759508005708077,0.8733592977984502,0.8883188541745388,0.8383918802073161,0.871709012536748,0.01745624977124454,70
3.447150945663452,0.12109847500801114,0.1517165184020996,0.0022515919255569655,16,10,"[128, 64]",sgd,110,"{'clf__batch_size': 16, 'clf__epochs': 10, 'clf__layers': [128, 64], 'clf__optimizer': 'sgd', 'preproc__k': 110}",0.9563008130081301,0.9359756097560976,0.9186991869918699,0.9441056910569106,0.9705284552845529,0.9451219512195121,0.017625596250958383,46,0.9466850966958287,0.9239549508858452,0.9003762324857292,0.9341690924173236,0.9634694647710158,0.9337309674511485,0.021262589142981007,46
3.37059645652771,0.11029673455014612,0.15212135314941405,0.010143582936296112,16,10,"[128, 64]",sgd,120,"{'clf__batch_size': 16, 'clf__epochs': 10, 'clf__layers': [128, 64], 'clf__optimizer': 'sgd', 'preproc__k': 120}",1.0,0.9959349593495935,0.9989837398373984,0.9959349593495935,0.9979674796747967,0.9977642276422765,0.0016260162601625912,21,1.0,0.995876258855353,0.9989824113927414,0.9959472352285668,0.9979639448568399,0.9977539700667004,0.001636331148260804,22
6.044358968734741,0.18512827166791726,0.15042695999145508,0.007836501853219935,16,20,"[64, 32]",adam,80,"{'clf__batch_size': 16, 'clf__epochs': 20, 'clf__layers': [64, 32], 'clf__optimizer': 'adam', 'preproc__k': 80}",0.7571138211382114,0.7449186991869918,0.7367886178861789,0.7439024390243902,0.7560975609756098,0.7477642276422763,0.0077502747824949566,111,0.7442247113132433,0.730410867545256,0.7234257347412365,0.7304286212467506,0.7405233526285868,0.7338026574950146,0.007541297426494166,111
6.063439464569091,0.27397543041167627,0.14641895294189453,0.008897272949217884,16,20,"[64, 32]",adam,90,"{'clf__batch_size': 16, 'clf__epochs': 20, 'clf__layers': [64, 32], 'clf__optimizer': 'adam', 'preproc__k': 90}",0.8638211382113821,0.8709349593495935,0.834349593495935,0.8790650406504065,0.8861788617886179,0.866869918699187,0.017916179569950424,86,0.8576295872099632,0.8646618942098332,0.8198355558392518,0.8800266815688206,0.883343547055256,0.8610994531766248,0.022717745779467814,82
6.336306858062744,0.2584456945454199,0.15652804374694823,0.008648308680021895,16,20,"[64, 32]",adam,100,"{'clf__batch_size': 16, 'clf__epochs': 20, 'clf__layers': [64, 32], 'clf__optimizer': 'adam', 'preproc__k': 100}",0.9227642276422764,0.9126016260162602,0.8963414634146342,0.9105691056910569,0.9237804878048781,0.9132113821138212,0.009948974187414972,47,0.9153577691305212,0.8976056793842088,0.8786339024901243,0.8974976290958953,0.9116399279489412,0.9001469816099382,0.012959519524342435,47
6.021350622177124,0.26687883876309026,0.15753021240234374,0.010258191374948437,16,20,"[64, 32]",adam,110,"{'clf__batch_size': 16, 'clf__epochs': 20, 'clf__layers': [64, 32], 'clf__optimizer': 'adam', 'preproc__k': 110}",0.948170731707317,0.9451219512195121,0.9522357723577236,0.9512195121951219,0.9715447154471545,0.9536585365853657,0.009283079062332732,25,0.9401152623375113,0.9317882610565537,0.9401036550959199,0.9400192541447473,0.9644832436566247,0.9433019352582714,0.011066818826413844,25
6.265298843383789,0.20551723097357544,0.17954421043395996,0.05600826660813075,16,20,"[64, 32]",adam,120,"{'clf__batch_size': 16, 'clf__epochs': 20, 'clf__layers': [64, 32], 'clf__optimizer': 'adam', 'preproc__k': 120}",0.9979674796747967,0.9969512195121951,0.9989837398373984,0.9989837398373984,0.9979674796747967,0.9981707317073172,0.0007604994688565126,6,0.997932528928464,0.9968888137708668,0.9989824113927414,0.9989833638624955,0.9979639448568399,0.9981502125622816,0.0007822921086105916,13
4.999444770812988,0.20875673677985931,0.15262207984924317,0.009527706352449506,16,20,"[64, 32]",sgd,80,"{'clf__batch_size': 16, 'clf__epochs': 20, 'clf__layers': [64, 32], 'clf__optimizer': 'sgd', 'preproc__k': 80}",0.7530487804878049,0.7428861788617886,0.7439024390243902,0.7367886178861789,0.7479674796747967,0.7449186991869919,0.005415818127835039,120,0.7432440833251454,0.7298056830515463,0.7255692088117813,0.7283055312080595,0.7385028639607486,0.7330854740714562,0.006672999049110687,118
5.459615468978882,0.13336994227601445,0.15542101860046387,0.0038420238847926185,16,20,"[64, 32]",sgd,90,"{'clf__batch_size': 16, 'clf__epochs': 20, 'clf__layers': [64, 32], 'clf__optimizer': 'sgd', 'preproc__k': 90}",0.8617886178861789,0.8709349593495935,0.834349593495935,0.8790650406504065,0.8861788617886179,0.8664634146341463,0.018003587307137036,91,0.8563542803392474,0.8646618942098332,0.8198355558392518,0.8800266815688206,0.883343547055256,0.8608443918024818,0.02276238687137062,88
4.869986581802368,0.11226935970085059,0.1440214157104492,0.0028051692792329577,16,20,"[64, 32]",sgd,100,"{'clf__batch_size': 16, 'clf__epochs': 20, 'clf__layers': [64, 32], 'clf__optimizer': 'sgd', 'preproc__k': 100}",0.9237804878048781,0.9126016260162602,0.8882113821138211,0.8963414634146342,0.9227642276422764,0.908739837398374,0.014233448292692361,62,0.9163980856171382,0.8976056793842088,0.8734089359498592,0.8883188541745388,0.9106228198429415,0.8972708749937371,0.015451650547104177,62
5.217940759658814,0.3363715581634941,0.15832581520080566,0.018049323788264193,16,20,"[64, 32]",sgd,110,"{'clf__batch_size': 16, 'clf__epochs': 20, 'clf__layers': [64, 32], 'clf__optimizer': 'sgd', 'preproc__k': 110}",0.948170731707317,0.9359756097560976,0.9441056910569106,0.9441056910569106,0.9715447154471545,0.9487804878048781,0.012052005756401292,39,0.9401152623375113,0.9239549508858452,0.932648210884181,0.9341690924173236,0.9644832436566247,0.9390741520362973,0.01371603747890379,44
4.730386877059937,0.020377082932465,0.1456240177154541,0.004950624294791923,16,20,"[64, 32]",sgd,120,"{'clf__batch_size': 16, 'clf__epochs': 20, 'clf__layers': [64, 32], 'clf__optimizer': 'sgd', 'preproc__k': 120}",0.9979674796747967,0.9969512195121951,0.9989837398373984,0.9989837398373984,0.9989837398373984,0.9983739837398374,0.0008130081300813218,2,0.997932528928464,0.9968888137708668,0.9989824113927414,0.9989833638624955,0.998983298560732,0.9983540833030599,0.0008380244559639145,4
6.787175559997559,0.020189748418047486,0.14331355094909667,0.0013261408092455729,16,20,"[128, 64]",adam,80,"{'clf__batch_size': 16, 'clf__epochs': 20, 'clf__layers': [128, 64], 'clf__optimizer': 'adam', 'preproc__k': 80}",0.7571138211382114,0.7367886178861789,0.7428861788617886,0.7439024390243902,0.7560975609756098,0.7473577235772357,0.007939847554725436,115,0.7442247113132433,0.7282764624937302,0.7252287006856982,0.7304286212467506,0.7405233526285868,0.7337363696736019,0.007337583603026014,113
6.681633710861206,0.08180246991563755,0.14191694259643556,0.002988764737954506,16,20,"[128, 64]",adam,90,"{'clf__batch_size': 16, 'clf__epochs': 20, 'clf__layers': [128, 64], 'clf__optimizer': 'adam', 'preproc__k': 90}",0.8638211382113821,0.8709349593495935,0.834349593495935,0.8790650406504065,0.8861788617886179,0.866869918699187,0.017916179569950424,86,0.8576295872099632,0.8646618942098332,0.8198355558392518,0.8800266815688206,0.883343547055256,0.8610994531766248,0.022717745779467814,82
6.7704578876495365,0.04595594887632671,0.14381957054138184,0.0025808532550356035,16,20,"[128, 64]",adam,100,"{'clf__batch_size': 16, 'clf__epochs': 20, 'clf__layers': [128, 64], 'clf__optimizer': 'adam', 'preproc__k': 100}",0.9227642276422764,0.9126016260162602,0.8963414634146342,0.8963414634146342,0.9237804878048781,0.9103658536585367,0.01209989924076196,54,0.9153577691305212,0.8976056793842088,0.8786339024901243,0.8881366773981431,0.9116399279489412,0.8982747912703877,0.013852426406140778,54
6.7238726139068605,0.20253301244035837,0.14512524604797364,0.0024714026400211265,16,20,"[128, 64]",adam,110,"{'clf__batch_size': 16, 'clf__epochs': 20, 'clf__layers': [128, 64], 'clf__optimizer': 'adam', 'preproc__k': 110}",0.948170731707317,0.9451219512195121,0.9522357723577236,0.9441056910569106,0.9715447154471545,0.9522357723577235,0.010060462333954962,27,0.9401152623375113,0.9317882610565537,0.9401036550959199,0.9341690924173236,0.9644832436566247,0.9421319029127867,0.0116461181455479,27
6.743611288070679,0.07904510757519169,0.17105722427368164,0.05784077708264684,16,20,"[128, 64]",adam,120,"{'clf__batch_size': 16, 'clf__epochs': 20, 'clf__layers': [128, 64], 'clf__optimizer': 'adam', 'preproc__k': 120}",0.9979674796747967,0.9969512195121951,0.9989837398373984,0.9989837398373984,0.9979674796747967,0.9981707317073172,0.0007604994688565126,6,0.997932528928464,0.9968888137708668,0.9989824113927414,0.9989833638624955,0.9979639448568399,0.9981502125622816,0.0007822921086105916,13
5.7986366748809814,0.023369896679206335,0.14121761322021484,0.00265358454279749,16,20,"[128, 64]",sgd,80,"{'clf__batch_size': 16, 'clf__epochs': 20, 'clf__layers': [128, 64], 'clf__optimizer': 'sgd', 'preproc__k': 80}",0.7530487804878049,0.7428861788617886,0.7439024390243902,0.7367886178861789,0.7479674796747967,0.7449186991869919,0.005415818127835039,120,0.7432440833251454,0.7298056830515463,0.7255692088117813,0.7283055312080595,0.7385028639607486,0.7330854740714562,0.006672999049110687,118
5.746349716186524,0.06376174378446663,0.14081358909606934,0.0021833860183450788,16,20,"[128, 64]",sgd,90,"{'clf__batch_size': 16, 'clf__epochs': 20, 'clf__layers': [128, 64], 'clf__optimizer': 'sgd', 'preproc__k': 90}",0.8638211382113821,0.8709349593495935,0.834349593495935,0.8790650406504065,0.8861788617886179,0.866869918699187,0.017916179569950424,86,0.8576295872099632,0.8646618942098332,0.8198355558392518,0.8800266815688206,0.883343547055256,0.8610994531766248,0.022717745779467814,82
5.687734842300415,0.0496746382506854,0.14091672897338867,0.0011561084869212439,16,20,"[128, 64]",sgd,100,"{'clf__batch_size': 16, 'clf__epochs': 20, 'clf__layers': [128, 64], 'clf__optimizer': 'sgd', 'preproc__k': 100}",0.9227642276422764,0.9095528455284553,0.8882113821138211,0.8963414634146342,0.9217479674796748,0.9077235772357725,0.013685972251652377,63,0.9153577691305212,0.8956005058571495,0.8734089359498592,0.8881366773981431,0.9098857868324542,0.8964779350336254,0.015091347222920137,63
5.645476293563843,0.04239133712325279,0.1688680648803711,0.05473676777611331,16,20,"[128, 64]",sgd,110,"{'clf__batch_size': 16, 'clf__epochs': 20, 'clf__layers': [128, 64], 'clf__optimizer': 'sgd', 'preproc__k': 110}",0.948170731707317,0.9359756097560976,0.9441056910569106,0.9441056910569106,0.967479674796748,0.9479674796747968,0.010529946217063924,45,0.9401152623375113,0.9239549508858452,0.932648210884181,0.9341690924173236,0.960401723410612,0.9382578479870947,0.012219329137608485,45
5.697117519378662,0.042061105255264,0.13952178955078126,0.001861902152989953,16,20,"[128, 64]",sgd,120,"{'clf__batch_size': 16, 'clf__epochs': 20, 'clf__layers': [128, 64], 'clf__optimizer': 'sgd', 'preproc__k': 120}",0.9979674796747967,0.9969512195121951,0.9989837398373984,0.9989837398373984,0.9979674796747967,0.9981707317073172,0.0007604994688565126,6,0.997932528928464,0.9968888137708668,0.9989824113927414,0.9989833638624955,0.9979639448568399,0.9981502125622816,0.0007822921086105916,13
1.1038224697113037,0.05822239964249888,0.13541641235351562,0.0007335474230810798,32,5,"[64, 32]",adam,80,"{'clf__batch_size': 32, 'clf__epochs': 5, 'clf__layers': [64, 32], 'clf__optimizer': 'adam', 'preproc__k': 80}",0.7621951219512195,0.7367886178861789,0.7408536585365854,0.75,0.7520325203252033,0.7483739837398373,0.008919962706297437,109,0.7457377511189661,0.7282764624937302,0.7245815246775144,0.7326807181455477,0.7394113963379977,0.7341375705547513,0.007618010855432633,107
1.1098496437072753,0.0478647380348883,0.13741655349731446,0.0013585477959362504,32,5,"[64, 32]",adam,90,"{'clf__batch_size': 32, 'clf__epochs': 5, 'clf__layers': [64, 32], 'clf__optimizer': 'adam', 'preproc__k': 90}",0.8729674796747967,0.8709349593495935,0.8313008130081301,0.8932926829268293,0.8861788617886179,0.8709349593495936,0.021481345675797327,75,0.8617693402566381,0.8646618942098332,0.8184601813754926,0.8882971246487122,0.883343547055256,0.8633064175091866,0.02466336077141493,73
1.1062114715576172,0.04428569529029336,0.1443234920501709,0.010158660704538306,32,5,"[64, 32]",adam,100,"{'clf__batch_size': 32, 'clf__epochs': 5, 'clf__layers': [64, 32], 'clf__optimizer': 'adam', 'preproc__k': 100}",0.9237804878048781,0.9126016260162602,0.8892276422764228,0.9105691056910569,0.9227642276422764,0.9117886178861788,0.012453230635805182,49,0.9163980856171382,0.8976056793842088,0.8739976847903677,0.897679805872291,0.9109028949384539,0.8993168301204919,0.014647001008992648,49
1.1256274700164794,0.04986608430183464,0.14062066078186036,0.003979889507585727,32,5,"[64, 32]",adam,110,"{'clf__batch_size': 32, 'clf__epochs': 5, 'clf__layers': [64, 32], 'clf__optimizer': 'adam', 'preproc__k': 110}",0.948170731707317,0.9359756097560976,0.9400406504065041,0.9512195121951219,0.9715447154471545,0.9493902439024391,0.012353310080506285,38,0.9401152623375113,0.9239549508858452,0.9294824920797936,0.9400192541447473,0.9644832436566247,0.9396110406209045,0.013905020697665324,38
1.1103875637054443,0.005771084872592527,0.16772150993347168,0.05391168795936771,32,5,"[64, 32]",adam,120,"{'clf__batch_size': 32, 'clf__epochs': 5, 'clf__layers': [64, 32], 'clf__optimizer': 'adam', 'preproc__k': 120}",0.9979674796747967,0.9969512195121951,0.9989837398373984,0.9989837398373984,0.9979674796747967,0.9981707317073172,0.0007604994688565126,6,0.997932528928464,0.9968888137708668,0.9989841811140647,0.9989833638624955,0.9979639448568399,0.9981505665065462,0.0007826688624870652,6
0.9560528755187988,0.005183318350382659,0.1656203269958496,0.057252851874496025,32,5,"[64, 32]",sgd,80,"{'clf__batch_size': 32, 'clf__epochs': 5, 'clf__layers': [64, 32], 'clf__optimizer': 'sgd', 'preproc__k': 80}",0.19715447154471544,0.3313008130081301,0.2347560975609756,0.25,0.2774390243902439,0.258130081300813,0.04484920865471535,170,0.15016076891413868,0.2699207526215782,0.13935361358956402,0.1686395022015111,0.19851334253521452,0.1853175959724013,0.046815960567909175,173
1.0103414535522461,0.057230522316986145,0.13872318267822265,0.0012891044838318553,32,5,"[64, 32]",sgd,90,"{'clf__batch_size': 32, 'clf__epochs': 5, 'clf__layers': [64, 32], 'clf__optimizer': 'sgd', 'preproc__k': 90}",0.34552845528455284,0.27540650406504064,0.2540650406504065,0.2926829268292683,0.3699186991869919,0.307520325203252,0.04346743234497008,164,0.2739420827854183,0.17064862952756815,0.20759199058630204,0.21839468394052858,0.2761938958364665,0.2293542565352567,0.04055141218907188,165
0.9839156627655029,0.00908425898953701,0.143621826171875,0.008837549212786868,32,5,"[64, 32]",sgd,100,"{'clf__batch_size': 32, 'clf__epochs': 5, 'clf__layers': [64, 32], 'clf__optimizer': 'sgd', 'preproc__k': 100}",0.2804878048780488,0.3485772357723577,0.27439024390243905,0.2804878048780488,0.3130081300813008,0.29939024390243907,0.028087048244105187,167,0.18164992077858294,0.26085913590054494,0.22306162451403436,0.22064432245953963,0.2589249309657973,0.22902798692369983,0.029180862804737546,166
1.0025568008422852,0.04778794985912041,0.14172077178955078,0.003043781798719356,32,5,"[64, 32]",sgd,110,"{'clf__batch_size': 32, 'clf__epochs': 5, 'clf__layers': [64, 32], 'clf__optimizer': 'sgd', 'preproc__k': 110}",0.3130081300813008,0.31910569105691056,0.3434959349593496,0.34247967479674796,0.20121951219512196,0.30386178861788615,0.05275163641466125,165,0.2394103307064997,0.22114984109369085,0.27364758493661223,0.2905722494913798,0.132385562353956,0.23143311371642775,0.05524363868944496,164
1.0092407703399657,0.03728036466034309,0.14172215461730958,0.00335843945995124,32,5,"[64, 32]",sgd,120,"{'clf__batch_size': 32, 'clf__epochs': 5, 'clf__layers': [64, 32], 'clf__optimizer': 'sgd', 'preproc__k': 120}",0.2815040650406504,0.3201219512195122,0.3313008130081301,0.44308943089430897,0.27235772357723576,0.3296747967479675,0.060930199893311804,163,0.2165459882598728,0.24897642759479496,0.2727826058269907,0.3771838720697076,0.2224511723469835,0.2675880132196699,0.058356233437171445,163
1.227717638015747,0.04060181634757607,0.14152073860168457,0.001298295240911117,32,5,"[128, 64]",adam,80,"{'clf__batch_size': 32, 'clf__epochs': 5, 'clf__layers': [128, 64], 'clf__optimizer': 'adam', 'preproc__k': 80}",0.7621951219512195,0.7367886178861789,0.7408536585365854,0.75,0.7479674796747967,0.7475609756097561,0.008732744332902777,114,0.7457377511189661,0.7282764624937302,0.7245815246775144,0.7326807181455477,0.7385028639607486,0.7339558640793015,0.007499972118344898,109
1.2450552940368653,0.03671299798368161,0.14351539611816405,0.0015210739672459805,32,5,"[128, 64]",adam,90,"{'clf__batch_size': 32, 'clf__epochs': 5, 'clf__layers': [128, 64], 'clf__optimizer': 'adam', 'preproc__k': 90}",0.8729674796747967,0.8709349593495935,0.8313008130081301,0.8932926829268293,0.8861788617886179,0.8709349593495936,0.021481345675797327,75,0.8617693402566381,0.8646618942098332,0.8184601813754926,0.8882971246487122,0.883343547055256,0.8633064175091866,0.02466336077141493,73
1.2803836822509767,0.05318671296499521,0.14801983833312987,0.006228954329273838,32,5,"[128, 64]",adam,100,"{'clf__batch_size': 32, 'clf__epochs': 5, 'clf__layers': [128, 64], 'clf__optimizer': 'adam', 'preproc__k': 100}",0.9237804878048781,0.9126016260162602,0.8892276422764228,0.9105691056910569,0.9166666666666666,0.9105691056910569,0.011587148629056267,53,0.9163980856171382,0.8976056793842088,0.8739976847903677,0.897679805872291,0.9069538313730788,0.8985270174074168,0.014097099434596335,53
1.247559118270874,0.04177307502809529,0.14261832237243652,0.00037830826708383156,32,5,"[128, 64]",adam,110,"{'clf__batch_size': 32, 'clf__epochs': 5, 'clf__layers': [128, 64], 'clf__optimizer': 'adam', 'preproc__k': 110}",0.9563008130081301,0.9359756097560976,0.9522357723577236,0.9512195121951219,0.9715447154471545,0.9534552845528456,0.011378483741689748,26,0.9466850966958287,0.9239549508858452,0.9401036550959199,0.9400192541447473,0.9644832436566247,0.9430492400957933,0.013077347805651654,26
1.2483458995819092,0.034325042381716964,0.14391732215881348,0.0007351826223382027,32,5,"[128, 64]",adam,120,"{'clf__batch_size': 32, 'clf__epochs': 5, 'clf__layers': [128, 64], 'clf__optimizer': 'adam', 'preproc__k': 120}",0.9979674796747967,0.9969512195121951,0.9989837398373984,0.9989837398373984,0.9979674796747967,0.9981707317073172,0.0007604994688565126,6,0.997932528928464,0.9968888137708668,0.9989841811140647,0.9989833638624955,0.9979639448568399,0.9981505665065462,0.0007826688624870652,6
1.0941657066345214,0.035763430029680576,0.14339885711669922,0.0007784830447598167,32,5,"[128, 64]",sgd,80,"{'clf__batch_size': 32, 'clf__epochs': 5, 'clf__layers': [128, 64], 'clf__optimizer': 'sgd', 'preproc__k': 80}",0.5416666666666666,0.556910569105691,0.5050813008130082,0.4878048780487805,0.5487804878048781,0.5280487804878049,0.02681540661865368,148,0.4835222157843048,0.4928687429114303,0.46438614480641,0.42558588160113514,0.4909938505355368,0.4714713671277634,0.02505943399015438,146
1.0980804920196534,0.023301751833902908,0.143599796295166,0.0006671563864139861,32,5,"[128, 64]",sgd,90,"{'clf__batch_size': 32, 'clf__epochs': 5, 'clf__layers': [128, 64], 'clf__optimizer': 'sgd', 'preproc__k': 90}",0.5813008130081301,0.551829268292683,0.5010162601626016,0.5802845528455285,0.5132113821138211,0.545528455284553,0.03332589645375543,145,0.5415666880907989,0.49989604448825736,0.41990167774037823,0.5146904275801372,0.4536019252995438,0.4859313526398231,0.04364057149044615,145
1.098987913131714,0.03637235934561351,0.14231791496276855,0.002017121383531698,32,5,"[128, 64]",sgd,100,"{'clf__batch_size': 32, 'clf__epochs': 5, 'clf__layers': [128, 64], 'clf__optimizer': 'sgd', 'preproc__k': 100}",0.4684959349593496,0.5772357723577236,0.5030487804878049,0.45223577235772355,0.5426829268292683,0.508739837398374,0.04623525841707441,152,0.40111026921369763,0.5390421151735062,0.4753920294113666,0.35503744641613794,0.4682722004600937,0.4477708121349604,0.0637030183094809,152
1.1184820175170898,0.04135310923771221,0.14221925735473634,0.001288248716139133,32,5,"[128, 64]",sgd,110,"{'clf__batch_size': 32, 'clf__epochs': 5, 'clf__layers': [128, 64], 'clf__optimizer': 'sgd', 'preproc__k': 110}",0.592479674796748,0.5640243902439024,0.6443089430894309,0.5355691056910569,0.6402439024390244,0.5953252032520325,0.04236915252394363,139,0.5334502166806027,0.5397283332997859,0.5687877453301479,0.4754339934420239,0.5802962708134816,0.5395393119132084,0.03650535638032317,137
1.108378028869629,0.042846327666975985,0.14351949691772461,0.0008386284045519564,32,5,"[128, 64]",sgd,120,"{'clf__batch_size': 32, 'clf__epochs': 5, 'clf__layers': [128, 64], 'clf__optimizer': 'sgd', 'preproc__k': 120}",0.600609756097561,0.5630081300813008,0.5691056910569106,0.6026422764227642,0.6463414634146342,0.5963414634146342,0.02970123557707121,138,0.5346102526191167,0.4987042853416027,0.5084307827655468,0.5439731978592742,0.5964549989715319,0.5364347035114144,0.03426484325842046,138
1.8713212490081788,0.04905465763443062,0.1412217617034912,0.002380998144677028,32,10,"[64, 32]",adam,80,"{'clf__batch_size': 32, 'clf__epochs': 10, 'clf__layers': [64, 32], 'clf__optimizer': 'adam', 'preproc__k': 80}",0.7682926829268293,0.7469512195121951,0.7357723577235772,0.7357723577235772,0.7560975609756098,0.7485772357723578,0.012456547517109427,106,0.7479526094313854,0.7310621834543882,0.7231663393392203,0.7280486546914594,0.7405233526285868,0.7341506279090081,0.008927860616932818,105
1.8601983070373536,0.04461250311011429,0.14061946868896485,0.0023558189791419897,32,10,"[64, 32]",adam,90,"{'clf__batch_size': 32, 'clf__epochs': 10, 'clf__layers': [64, 32], 'clf__optimizer': 'adam', 'preproc__k': 90}",0.8638211382113821,0.8709349593495935,0.8302845528455285,0.8790650406504065,0.8861788617886179,0.8660569105691056,0.01940391704855711,93,0.8576295872099632,0.8646618942098332,0.8180317053574894,0.8800266815688206,0.883343547055256,0.8607386830802725,0.023374989924848807,89
1.8171498775482178,0.014879604844149824,0.16701192855834962,0.05551374117746175,32,10,"[64, 32]",adam,100,"{'clf__batch_size': 32, 'clf__epochs': 10, 'clf__layers': [64, 32], 'clf__optimizer': 'adam', 'preproc__k': 100}",0.9237804878048781,0.9126016260162602,0.8841463414634146,0.8963414634146342,0.915650406504065,0.9065040650406505,0.01430004804824217,65,0.9163980856171382,0.8976056793842088,0.8712530814822657,0.8883188541745388,0.9059367232670791,0.8959024847850461,0.015419215308472279,65
1.9034004211425781,0.0540241445037429,0.14662203788757325,0.010465680619166251,32,10,"[64, 32]",adam,110,"{'clf__batch_size': 32, 'clf__epochs': 10, 'clf__layers': [64, 32], 'clf__optimizer': 'adam', 'preproc__k': 110}",0.948170731707317,0.9400406504065041,0.9400406504065041,0.9441056910569106,0.9715447154471545,0.9487804878048781,0.011774592160943283,39,0.9401152623375113,0.9272288948356021,0.9294824920797936,0.9341690924173236,0.9644832436566247,0.939095797065371,0.013439294429623709,39
1.8704456329345702,0.018844572975662263,0.14111695289611817,0.00355976993309871,32,10,"[64, 32]",adam,120,"{'clf__batch_size': 32, 'clf__epochs': 10, 'clf__layers': [64, 32], 'clf__optimizer': 'adam', 'preproc__k': 120}",0.9979674796747967,0.9969512195121951,0.9989837398373984,0.9989837398373984,0.9979674796747967,0.9981707317073172,0.0007604994688565126,6,0.997932528928464,0.9968888137708668,0.9989841811140647,0.9989833638624955,0.9979639448568399,0.9981505665065462,0.0007826688624870652,6
1.6092670440673829,0.053633628370385794,0.1371152877807617,0.0008624346790140615,32,10,"[64, 32]",sgd,80,"{'clf__batch_size': 32, 'clf__epochs': 10, 'clf__layers': [64, 32], 'clf__optimizer': 'sgd', 'preproc__k': 80}",0.4166666666666667,0.39939024390243905,0.43902439024390244,0.37601626016260165,0.31402439024390244,0.38902439024390245,0.042815319258682975,160,0.34518625782793644,0.3253499810090358,0.35460807217075385,0.3470505818792185,0.24622659265123617,0.32368429710763613,0.03991758491069495,160
1.6113834381103516,0.03051595624771342,0.1388176441192627,0.0012892195162210024,32,10,"[64, 32]",sgd,90,"{'clf__batch_size': 32, 'clf__epochs': 10, 'clf__layers': [64, 32], 'clf__optimizer': 'sgd', 'preproc__k': 90}",0.5121951219512195,0.42073170731707316,0.4369918699186992,0.4563008130081301,0.45528455284552843,0.45630081300813,0.030864876866224748,155,0.4273177938478505,0.3138730111965711,0.4010243484787322,0.38089343410372234,0.39250918742847435,0.3831235550110701,0.03784777538211236,156
1.622004747390747,0.04055465716402408,0.13721723556518556,0.0008722128945567171,32,10,"[64, 32]",sgd,100,"{'clf__batch_size': 32, 'clf__epochs': 10, 'clf__layers': [64, 32], 'clf__optimizer': 'sgd', 'preproc__k': 100}",0.6290650406504065,0.5965447154471545,0.4420731707317073,0.47865853658536583,0.556910569105691,0.540650406504065,0.07037922639504383,146,0.5621309357057447,0.5432441712521044,0.34393253978770394,0.409680646480336,0.46829079417480524,0.4654558174801389,0.08158911726513106,147
1.6556504249572754,0.04795114921409192,0.1393674850463867,0.0024155539819333645,32,10,"[64, 32]",sgd,110,"{'clf__batch_size': 32, 'clf__epochs': 10, 'clf__layers': [64, 32], 'clf__optimizer': 'sgd', 'preproc__k': 110}",0.5172764227642277,0.45223577235772355,0.4573170731707317,0.5782520325203252,0.693089430894309,0.5396341463414634,0.08939162108841259,147,0.43782473293812757,0.36259033030066073,0.38001569368777877,0.5086380102712894,0.632181363749149,0.46425002618940114,0.09828493264896794,148
1.6295802593231201,0.003850468983949867,0.13862204551696777,0.0019070300611049743,32,10,"[64, 32]",sgd,120,"{'clf__batch_size': 32, 'clf__epochs': 10, 'clf__layers': [64, 32], 'clf__optimizer': 'sgd', 'preproc__k': 120}",0.5630081300813008,0.6371951219512195,0.6351626016260162,0.6036585365853658,0.5467479674796748,0.5971544715447155,0.03686994110844507,137,0.467199125723526,0.5792765998358249,0.5588127435842947,0.5299040605939618,0.47330821151319025,0.5217001482501595,0.044881706039276145,139
2.0659233570098876,0.06405787076739086,0.14211325645446776,0.0010174245001178242,32,10,"[128, 64]",adam,80,"{'clf__batch_size': 32, 'clf__epochs': 10, 'clf__layers': [128, 64], 'clf__optimizer': 'adam', 'preproc__k': 80}",0.7530487804878049,0.7469512195121951,0.7357723577235772,0.7510162601626016,0.7560975609756098,0.7485772357723578,0.007058437135847716,106,0.7432440833251454,0.7310621834543882,0.7231663393392203,0.733093128957417,0.7405233526285868,0.7342178175409515,0.0071357041431082706,104
2.049145984649658,0.009688446715362443,0.16929779052734376,0.054632053507180006,32,10,"[128, 64]",adam,90,"{'clf__batch_size': 32, 'clf__epochs': 10, 'clf__layers': [128, 64], 'clf__optimizer': 'adam', 'preproc__k': 90}",0.8638211382113821,0.8709349593495935,0.8262195121951219,0.8932926829268293,0.8861788617886179,0.8680894308943088,0.02341724522478344,83,0.8576295872099632,0.8646618942098332,0.8164735337424862,0.8882971246487122,0.883343547055256,0.8620811373732502,0.025479003779423352,78
2.0417771339416504,0.03021663921179812,0.14061508178710938,0.001021841231885222,32,10,"[128, 64]",adam,100,"{'clf__batch_size': 32, 'clf__epochs': 10, 'clf__layers': [128, 64], 'clf__optimizer': 'adam', 'preproc__k': 100}",0.9278455284552846,0.9126016260162602,0.8841463414634146,0.9105691056910569,0.915650406504065,0.9101626016260163,0.01432314059142103,57,0.9188366588374987,0.8976056793842088,0.8712530814822657,0.897679805872291,0.9059367232670791,0.8982623897686686,0.015572214672273004,57
2.0726428508758543,0.07774125540744925,0.14021797180175782,0.0019398091778537378,32,10,"[128, 64]",adam,110,"{'clf__batch_size': 32, 'clf__epochs': 10, 'clf__layers': [128, 64], 'clf__optimizer': 'adam', 'preproc__k': 110}",0.948170731707317,0.9400406504065041,0.9400406504065041,0.9441056910569106,0.9715447154471545,0.9487804878048781,0.011774592160943283,39,0.9401152623375113,0.9272288948356021,0.9294824920797936,0.9341690924173236,0.9644832436566247,0.939095797065371,0.013439294429623709,39
2.049480104446411,0.05092536518263953,0.1393211841583252,0.002273950175199956,32,10,"[128, 64]",adam,120,"{'clf__batch_size': 32, 'clf__epochs': 10, 'clf__layers': [128, 64], 'clf__optimizer': 'adam', 'preproc__k': 120}",0.9979674796747967,0.9969512195121951,0.9989837398373984,0.9989837398373984,0.9979674796747967,0.9981707317073172,0.0007604994688565126,6,0.997932528928464,0.9968888137708668,0.9989841811140647,0.9989833638624955,0.9979639448568399,0.9981505665065462,0.0007826688624870652,6
1.7985588550567626,0.048480986604177274,0.14301810264587403,0.004273678664073389,32,10,"[128, 64]",sgd,80,"{'clf__batch_size': 32, 'clf__epochs': 10, 'clf__layers': [128, 64], 'clf__optimizer': 'sgd', 'preproc__k': 80}",0.6290650406504065,0.6371951219512195,0.6077235772357723,0.6077235772357723,0.665650406504065,0.6294715447154471,0.021515934142796317,135,0.5969756032702597,0.6137538584733894,0.5679496732763519,0.5828855650989312,0.6398088941805037,0.6002747188598871,0.024911096431811473,133
1.8165554046630858,0.03839570995998163,0.14112582206726074,0.0016555056069687461,32,10,"[128, 64]",sgd,90,"{'clf__batch_size': 32, 'clf__epochs': 10, 'clf__layers': [128, 64], 'clf__optimizer': 'sgd', 'preproc__k': 90}",0.6382113821138211,0.6148373983739838,0.6514227642276422,0.717479674796748,0.6686991869918699,0.6581300813008131,0.034496606551562004,132,0.572640280645478,0.5536005038867041,0.6128906591097454,0.6719888603883005,0.6119353631456657,0.6046111334351787,0.04070914573078057,132
1.7868351459503173,0.011495050895829069,0.1415182590484619,0.0073046815724406786,32,10,"[128, 64]",sgd,100,"{'clf__batch_size': 32, 'clf__epochs': 10, 'clf__layers': [128, 64], 'clf__optimizer': 'sgd', 'preproc__k': 100}",0.7449186991869918,0.7764227642276422,0.7245934959349594,0.7073170731707317,0.7713414634146342,0.7449186991869918,0.026524195557333045,122,0.6951043126669207,0.7401354898873136,0.7023134229340033,0.6650846396074457,0.7363133966649693,0.7077902523521304,0.02783696189877579,127
1.8045060157775878,0.038518813343213776,0.14021768569946289,0.00183636720816787,32,10,"[128, 64]",sgd,110,"{'clf__batch_size': 32, 'clf__epochs': 10, 'clf__layers': [128, 64], 'clf__optimizer': 'sgd', 'preproc__k': 110}",0.9004065040650406,0.7957317073170732,0.8211382113821138,0.866869918699187,0.8130081300813008,0.8394308943089431,0.038505398859011414,97,0.8828541852091507,0.7661258644909162,0.7882847874417817,0.8493477823259517,0.7659838247226629,0.8105192888380927,0.04730443083081368,98
1.8144050121307373,0.05307711135161265,0.14561872482299804,0.010888862574156246,32,10,"[128, 64]",sgd,120,"{'clf__batch_size': 32, 'clf__epochs': 10, 'clf__layers': [128, 64], 'clf__optimizer': 'sgd', 'preproc__k': 120}",0.8871951219512195,0.9085365853658537,0.9176829268292683,0.875,0.8841463414634146,0.8945121951219512,0.01597048884598635,69,0.8586802655779552,0.8997626801198265,0.9023285882689611,0.8491573826118826,0.8540554274594473,0.8727968688076146,0.02327497734571667,69
3.2046070098876953,0.06722301704558968,0.1389223575592041,0.0028931266476537485,32,20,"[64, 32]",adam,80,"{'clf__batch_size': 32, 'clf__epochs': 20, 'clf__layers': [64, 32], 'clf__optimizer': 'adam', 'preproc__k': 80}",0.7571138211382114,0.7367886178861789,0.7367886178861789,0.7439024390243902,0.7560975609756098,0.7461382113821138,0.008938468872884546,117,0.7442247113132433,0.7282764624937302,0.7234257347412365,0.7304286212467506,0.7405233526285868,0.7333757764847095,0.007777908324458173,115
3.3109705448150635,0.05355784524705764,0.1383296489715576,0.002108329607183062,32,20,"[64, 32]",adam,90,"{'clf__batch_size': 32, 'clf__epochs': 20, 'clf__layers': [64, 32], 'clf__optimizer': 'adam', 'preproc__k': 90}",0.8638211382113821,0.8709349593495935,0.834349593495935,0.8790650406504065,0.8861788617886179,0.866869918699187,0.017916179569950424,86,0.8576295872099632,0.8646618942098332,0.8198355558392518,0.8800266815688206,0.883343547055256,0.8610994531766248,0.022717745779467814,82
3.2793631553649902,0.037154422746195216,0.13763003349304198,0.0022711705210375567,32,20,"[64, 32]",adam,100,"{'clf__batch_size': 32, 'clf__epochs': 20, 'clf__layers': [64, 32], 'clf__optimizer': 'adam', 'preproc__k': 100}",0.9227642276422764,0.9126016260162602,0.8963414634146342,0.8963414634146342,0.9237804878048781,0.9103658536585367,0.01209989924076196,54,0.9153577691305212,0.8976056793842088,0.8786339024901243,0.8881366773981431,0.9116399279489412,0.8982747912703877,0.013852426406140778,54
3.302094316482544,0.05854503027882777,0.13621912002563477,0.0023977664427871134,32,20,"[64, 32]",adam,110,"{'clf__batch_size': 32, 'clf__epochs': 20, 'clf__layers': [64, 32], 'clf__optimizer': 'adam', 'preproc__k': 110}",0.948170731707317,0.9451219512195121,0.9522357723577236,0.9441056910569106,0.9715447154471545,0.9522357723577235,0.010060462333954962,27,0.9401152623375113,0.9317882610565537,0.9401036550959199,0.9341690924173236,0.9644832436566247,0.9421319029127867,0.0116461181455479,27
3.3160595893859863,0.061257008633456296,0.13551836013793944,0.00031411285054466694,32,20,"[64, 32]",adam,120,"{'clf__batch_size': 32, 'clf__epochs': 20, 'clf__layers': [64, 32], 'clf__optimizer': 'adam', 'preproc__k': 120}",0.9979674796747967,0.9969512195121951,0.9989837398373984,0.9989837398373984,0.9979674796747967,0.9981707317073172,0.0007604994688565126,6,0.997932528928464,0.9968888137708668,0.9989824113927414,0.9989833638624955,0.9979639448568399,0.9981502125622816,0.0007822921086105916,13
2.781833457946777,0.05012419695582017,0.13402070999145507,0.00269949482502747,32,20,"[64, 32]",sgd,80,"{'clf__batch_size': 32, 'clf__epochs': 20, 'clf__layers': [64, 32], 'clf__optimizer': 'sgd', 'preproc__k': 80}",0.6483739837398373,0.7398373983739838,0.6341463414634146,0.6097560975609756,0.6636178861788617,0.6591463414634147,0.04407149024290892,131,0.5990538647188958,0.7260465093310257,0.5968896541083373,0.5673566334996148,0.6099758187214026,0.6198644960758553,0.054937068090633825,131
2.7704465866088865,0.029241631983009338,0.1351151466369629,0.0014673893185498338,32,20,"[64, 32]",sgd,90,"{'clf__batch_size': 32, 'clf__epochs': 20, 'clf__layers': [64, 32], 'clf__optimizer': 'sgd', 'preproc__k': 90}",0.7439024390243902,0.7733739837398373,0.7439024390243902,0.8170731707317073,0.7713414634146342,0.7699186991869917,0.026799996349799418,103,0.697725723150443,0.7363438660053107,0.7029591968144556,0.7931739052482237,0.733352540541968,0.7327110463520803,0.03399562204095105,121
2.744323253631592,0.002874626865733839,0.16254873275756837,0.06085614820245764,32,20,"[64, 32]",sgd,100,"{'clf__batch_size': 32, 'clf__epochs': 20, 'clf__layers': [64, 32], 'clf__optimizer': 'sgd', 'preproc__k': 100}",0.899390243902439,0.8282520325203252,0.8241869918699187,0.8922764227642277,0.8902439024390244,0.8668699186991871,0.03335439548736741,85,0.8825242299326272,0.7906506581375747,0.8117544625116454,0.8860051543043467,0.8718669730127925,0.8485602955797973,0.03951471359157452,93
2.8628571033477783,0.06630076130940656,0.13621435165405274,0.0021824147332512867,32,20,"[64, 32]",sgd,110,"{'clf__batch_size': 32, 'clf__epochs': 20, 'clf__layers': [64, 32], 'clf__optimizer': 'sgd', 'preproc__k': 110}",0.8882113821138211,0.8973577235772358,0.8973577235772358,0.8455284552845529,0.8617886178861789,0.878048780487805,0.020837051026608593,72,0.8594044504391423,0.8798236166122345,0.8790516645725884,0.8107166578143572,0.8294718889421936,0.8516936556761031,0.027466827190136024,92
2.8760142803192137,0.06728041586366504,0.13611822128295897,0.0019901228437702264,32,20,"[64, 32]",sgd,120,"{'clf__batch_size': 32, 'clf__epochs': 20, 'clf__layers': [64, 32], 'clf__optimizer': 'sgd', 'preproc__k': 120}",1.0,0.9644308943089431,0.9888211382113821,0.9979674796747967,0.9969512195121951,0.9896341463414634,0.013162825088367603,23,1.0,0.9554894786437407,0.9889511679471974,0.9979774430097242,0.9969825092496296,0.9878801197700584,0.01662529220437278,23
3.720167398452759,0.05832578331803451,0.13912220001220704,0.001152707130527652,32,20,"[128, 64]",adam,80,"{'clf__batch_size': 32, 'clf__epochs': 20, 'clf__layers': [128, 64], 'clf__optimizer': 'adam', 'preproc__k': 80}",0.7571138211382114,0.7449186991869918,0.7367886178861789,0.7439024390243902,0.7560975609756098,0.7477642276422763,0.0077502747824949566,111,0.7442247113132433,0.730410867545256,0.7234257347412365,0.7304286212467506,0.7405233526285868,0.7338026574950146,0.007541297426494166,111
3.688074064254761,0.029485995033392318,0.13982000350952148,0.0017253757985502066,32,20,"[128, 64]",adam,90,"{'clf__batch_size': 32, 'clf__epochs': 20, 'clf__layers': [128, 64], 'clf__optimizer': 'adam', 'preproc__k': 90}",0.8638211382113821,0.8709349593495935,0.8384146341463414,0.8790650406504065,0.8861788617886179,0.8676829268292682,0.016454629795129367,84,0.8576295872099632,0.8646618942098332,0.8218715615804291,0.8800266815688206,0.883343547055256,0.8615066543248604,0.021980760033450366,81
3.6540693283081054,0.0875995827184901,0.14031548500061036,0.0030473544285745083,32,20,"[128, 64]",adam,100,"{'clf__batch_size': 32, 'clf__epochs': 20, 'clf__layers': [128, 64], 'clf__optimizer': 'adam', 'preproc__k': 100}",0.9227642276422764,0.9126016260162602,0.8963414634146342,0.8963414634146342,0.9237804878048781,0.9103658536585367,0.01209989924076196,54,0.9153577691305212,0.8976056793842088,0.8786339024901243,0.8881366773981431,0.9116399279489412,0.8982747912703877,0.013852426406140778,54
3.5873125553131104,0.057902870864247676,0.14051594734191894,0.0032113770792696742,32,20,"[128, 64]",adam,110,"{'clf__batch_size': 32, 'clf__epochs': 20, 'clf__layers': [128, 64], 'clf__optimizer': 'adam', 'preproc__k': 110}",0.948170731707317,0.9451219512195121,0.9441056910569106,0.9512195121951219,0.9715447154471545,0.9520325203252031,0.010068671606911266,30,0.9401152623375113,0.9317882610565537,0.932648210884181,0.9400192541447473,0.9644832436566247,0.9418108464159237,0.01187037077809,30
3.663811779022217,0.08778244252323138,0.1393205165863037,0.0031597616882456515,32,20,"[128, 64]",adam,120,"{'clf__batch_size': 32, 'clf__epochs': 20, 'clf__layers': [128, 64], 'clf__optimizer': 'adam', 'preproc__k': 120}",0.9979674796747967,0.9969512195121951,0.9989837398373984,0.9989837398373984,0.9979674796747967,0.9981707317073172,0.0007604994688565126,6,0.997932528928464,0.9968888137708668,0.9989824113927414,0.9989833638624955,0.9979639448568399,0.9981502125622816,0.0007822921086105916,13
3.1929768562316894,0.039805747811451096,0.13771681785583495,0.0024179218120195895,32,20,"[128, 64]",sgd,80,"{'clf__batch_size': 32, 'clf__epochs': 20, 'clf__layers': [128, 64], 'clf__optimizer': 'sgd', 'preproc__k': 80}",0.725609756097561,0.7378048780487805,0.7408536585365854,0.7357723577235772,0.7479674796747967,0.7376016260162601,0.00728311905169468,126,0.6995548448205109,0.7285007887682764,0.7245815246775144,0.7280486546914594,0.7385028639607486,0.723837735383702,0.01299810679354997,125
3.207993984222412,0.0504012757305252,0.13891587257385254,0.002333268032301907,32,20,"[128, 64]",sgd,90,"{'clf__batch_size': 32, 'clf__epochs': 20, 'clf__layers': [128, 64], 'clf__optimizer': 'sgd', 'preproc__k': 90}",0.8699186991869918,0.8617886178861789,0.8099593495934959,0.8861788617886179,0.8607723577235772,0.8577235772357723,0.025556467982113685,95,0.8600178371102715,0.8604186144590382,0.7893539217814282,0.8837311290529412,0.8476747954903048,0.8482392595787968,0.03166874168624617,94
3.244435024261475,0.05059510234670688,0.14121694564819337,0.0015069036466838033,32,20,"[128, 64]",sgd,100,"{'clf__batch_size': 32, 'clf__epochs': 20, 'clf__layers': [128, 64], 'clf__optimizer': 'sgd', 'preproc__k': 100}",0.931910569105691,0.9126016260162602,0.8861788617886179,0.8963414634146342,0.8932926829268293,0.9040650406504065,0.016394264089492485,67,0.9216891599182556,0.8976056793842088,0.8733592977984502,0.8881366773981431,0.8750777398782671,0.891173710875465,0.01765344168792107,67
3.2474395751953127,0.02479542756031027,0.1418893814086914,0.0009859222971836984,32,20,"[128, 64]",sgd,110,"{'clf__batch_size': 32, 'clf__epochs': 20, 'clf__layers': [128, 64], 'clf__optimizer': 'sgd', 'preproc__k': 110}",0.948170731707317,0.9400406504065041,0.9400406504065041,0.9441056910569106,0.9715447154471545,0.9487804878048781,0.011774592160943283,39,0.9401152623375113,0.9272288948356021,0.9294824920797936,0.9341690924173236,0.9644832436566247,0.939095797065371,0.013439294429623709,39
3.242467164993286,0.07505646209003039,0.13901686668395996,0.001410846626594672,32,20,"[128, 64]",sgd,120,"{'clf__batch_size': 32, 'clf__epochs': 20, 'clf__layers': [128, 64], 'clf__optimizer': 'sgd', 'preproc__k': 120}",0.9979674796747967,0.9959349593495935,0.9989837398373984,0.9989837398373984,0.9979674796747967,0.9979674796747968,0.0011132572307015582,20,0.997932528928464,0.9958742188550265,0.9989824113927414,0.9989833638624955,0.9979639448568399,0.9979472935791135,0.00113516911443223,20
0.8177339553833007,0.051306432170742496,0.13551836013793944,0.0035098835943610813,64,5,"[64, 32]",adam,80,"{'clf__batch_size': 64, 'clf__epochs': 5, 'clf__layers': [64, 32], 'clf__optimizer': 'adam', 'preproc__k': 80}",0.7560975609756098,0.7367886178861789,0.7367886178861789,0.7367886178861789,0.7560975609756098,0.7445121951219512,0.009459411608309012,123,0.7432056450940492,0.7282764624937302,0.7234257347412365,0.7283055312080595,0.7405233526285868,0.7327473452331325,0.007700042252617265,120
0.8193475723266601,0.05124280815919966,0.13731789588928223,0.0032958639818339804,64,5,"[64, 32]",adam,90,"{'clf__batch_size': 64, 'clf__epochs': 5, 'clf__layers': [64, 32], 'clf__optimizer': 'adam', 'preproc__k': 90}",0.8678861788617886,0.8770325203252033,0.8262195121951219,0.8932926829268293,0.8902439024390244,0.8709349593495936,0.024160503361169473,75,0.8592741299045494,0.8682543018974664,0.8164735337424862,0.8882971246487122,0.8851061799945221,0.8634810540375473,0.025821202541000888,72
0.8375274658203125,0.045790776893325856,0.13621697425842286,0.004856559860557429,64,5,"[64, 32]",adam,100,"{'clf__batch_size': 64, 'clf__epochs': 5, 'clf__layers': [64, 32], 'clf__optimizer': 'adam', 'preproc__k': 100}",0.9278455284552846,0.9126016260162602,0.8841463414634146,0.9105691056910569,0.915650406504065,0.9101626016260163,0.01432314059142103,57,0.9188366588374987,0.8976056793842088,0.8712530814822657,0.8974976290958953,0.9059367232670791,0.8982259544133895,0.015573748207875352,58
0.8338497638702392,0.04107297838055937,0.13861684799194335,0.001685664268067941,64,5,"[64, 32]",adam,110,"{'clf__batch_size': 64, 'clf__epochs': 5, 'clf__layers': [64, 32], 'clf__optimizer': 'adam', 'preproc__k': 110}",0.948170731707317,0.9451219512195121,0.9400406504065041,0.9441056910569106,0.9715447154471545,0.9497967479674797,0.011180709381687054,37,0.9401152623375113,0.9317882610565537,0.9294824920797936,0.9341690924173236,0.9644832436566247,0.9400076703095614,0.012739641468679494,37
0.8438680171966553,0.04132770693415344,0.13872141838073732,0.0036405785665054665,64,5,"[64, 32]",adam,120,"{'clf__batch_size': 64, 'clf__epochs': 5, 'clf__layers': [64, 32], 'clf__optimizer': 'adam', 'preproc__k': 120}",1.0,0.9949186991869918,0.9989837398373984,0.9959349593495935,0.9989837398373984,0.9977642276422765,0.0019706015680554328,21,1.0,0.9949259486242519,0.9989841811140647,0.9959472352285668,0.998983298560732,0.997768132705523,0.001966230473833385,21
0.7173914432525634,0.0028760624749495163,0.1649425983428955,0.05736399613992663,64,5,"[64, 32]",sgd,80,"{'clf__batch_size': 64, 'clf__epochs': 5, 'clf__layers': [64, 32], 'clf__optimizer': 'sgd', 'preproc__k': 80}",0.07520325203252033,0.13719512195121952,0.18800813008130082,0.08638211382113821,0.08943089430894309,0.11524390243902438,0.04214037678610067,180,0.06779669241692816,0.07642343216965922,0.10520115063153111,0.04223857719446871,0.06595116223766209,0.07152220293004988,0.020301429632119616,179
0.7166483402252197,0.0027319127026482824,0.13901419639587403,0.0012663904896307668,64,5,"[64, 32]",sgd,90,"{'clf__batch_size': 64, 'clf__epochs': 5, 'clf__layers': [64, 32], 'clf__optimizer': 'sgd', 'preproc__k': 90}",0.14126016260162602,0.15447154471544716,0.16361788617886178,0.19410569105691056,0.07317073170731707,0.14532520325203252,0.04005148217156352,177,0.07655447187107838,0.10345880758579443,0.11534787395634855,0.13425668378645933,0.04639593695650457,0.09520275483123705,0.03075406160789162,177
0.7393260478973389,0.029915479737001528,0.1399217128753662,0.0026325268583701085,64,5,"[64, 32]",sgd,100,"{'clf__batch_size': 64, 'clf__epochs': 5, 'clf__layers': [64, 32], 'clf__optimizer': 'sgd', 'preproc__k': 100}",0.052845528455284556,0.125,0.1798780487804878,0.17073170731707318,0.10365853658536585,0.12642276422764226,0.04637799872013899,179,0.03218555629444953,0.062051624427604604,0.10317718297792612,0.09266298080105297,0.061061993323291985,0.07022786756486504,0.02524707246932631,180
0.7393817901611328,0.036523908143134116,0.139717435836792,0.004547784597791651,64,5,"[64, 32]",sgd,110,"{'clf__batch_size': 64, 'clf__epochs': 5, 'clf__layers': [64, 32], 'clf__optimizer': 'sgd', 'preproc__k': 110}",0.241869918699187,0.13821138211382114,0.15345528455284552,0.2886178861788618,0.24288617886178862,0.21300813008130084,0.057591024952386716,176,0.167453250180387,0.09609515870776736,0.08993911857352373,0.2250900029991412,0.16251099319499135,0.14821770473116214,0.05019324248010833,176
0.7680259227752686,0.09497733518988223,0.1437173843383789,0.003956822053089138,64,5,"[64, 32]",sgd,120,"{'clf__batch_size': 64, 'clf__epochs': 5, 'clf__layers': [64, 32], 'clf__optimizer': 'sgd', 'preproc__k': 120}",0.13211382113821138,0.1524390243902439,0.14329268292682926,0.1402439024390244,0.14227642276422764,0.14207317073170733,0.006504065040650405,178,0.10450482485600851,0.08838185303098607,0.062076354223005704,0.06684911513695156,0.0912197933119073,0.08260638811177183,0.015854729383329234,178
0.8911394119262696,0.04481499797802174,0.14421582221984863,0.001163778160046065,64,5,"[128, 64]",adam,80,"{'clf__batch_size': 64, 'clf__epochs': 5, 'clf__layers': [128, 64], 'clf__optimizer': 'adam', 'preproc__k': 80}",0.7571138211382114,0.7367886178861789,0.7367886178861789,0.75,0.7520325203252033,0.7465447154471544,0.008296069769088827,116,0.7442247113132433,0.7282764624937302,0.7234257347412365,0.7326807181455477,0.7394113963379977,0.7336038046063511,0.00747472474110149,114
0.8602912902832032,0.034534642258628186,0.17392401695251464,0.06484946422414478,64,5,"[128, 64]",adam,90,"{'clf__batch_size': 64, 'clf__epochs': 5, 'clf__layers': [128, 64], 'clf__optimizer': 'adam', 'preproc__k': 90}",0.8678861788617886,0.8709349593495935,0.8313008130081301,0.8932926829268293,0.8902439024390244,0.8707317073170733,0.022147944141715305,78,0.8592741299045494,0.8646618942098332,0.8184601813754926,0.8882971246487122,0.8851061799945221,0.8631599020266219,0.025015752275672116,75
0.8958403587341308,0.03720867166522069,0.14282073974609374,0.00370968653212051,64,5,"[128, 64]",adam,100,"{'clf__batch_size': 64, 'clf__epochs': 5, 'clf__layers': [128, 64], 'clf__optimizer': 'adam', 'preproc__k': 100}",0.926829268292683,0.9126016260162602,0.8892276422764228,0.9105691056910569,0.915650406504065,0.9109756097560975,0.012239080664491538,52,0.9177963423508818,0.8976056793842088,0.8739976847903677,0.897679805872291,0.9059367232670791,0.8986032471329656,0.0143487724884351,52
0.8885289192199707,0.04404679903425998,0.14061989784240722,0.002851449871310169,64,5,"[128, 64]",adam,110,"{'clf__batch_size': 64, 'clf__epochs': 5, 'clf__layers': [128, 64], 'clf__optimizer': 'adam', 'preproc__k': 110}",0.9563008130081301,0.9451219512195121,0.9400406504065041,0.9441056910569106,0.9715447154471545,0.9514227642276423,0.011414732587072342,34,0.9466850966958287,0.9317882610565537,0.9294824920797936,0.9341690924173236,0.9644832436566247,0.9413216371812249,0.013018726713107437,34
0.8897675514221192,0.03234560670431504,0.14111847877502443,0.0019357397949129169,64,5,"[128, 64]",adam,120,"{'clf__batch_size': 64, 'clf__epochs': 5, 'clf__layers': [128, 64], 'clf__optimizer': 'adam', 'preproc__k': 120}",0.9979674796747967,0.9969512195121951,0.9989837398373984,0.9989837398373984,0.9989837398373984,0.9983739837398374,0.0008130081300813218,2,0.997932528928464,0.9968888137708668,0.9989841811140647,0.9989833638624955,0.998983298560732,0.9983544372473245,0.0008382900906888609,2
0.7844165325164795,0.014084267015217906,0.169846248626709,0.052643116805342775,64,5,"[128, 64]",sgd,80,"{'clf__batch_size': 64, 'clf__epochs': 5, 'clf__layers': [128, 64], 'clf__optimizer': 'sgd', 'preproc__k': 80}",0.18800813008130082,0.2855691056910569,0.23983739837398374,0.31808943089430897,0.22052845528455284,0.25040650406504067,0.04629329974659099,172,0.14481192061650544,0.24998885095501625,0.14087771211829475,0.2543554533188945,0.1415714399317345,0.18632107538808912,0.05380130350590155,172
0.7812362670898437,0.006180178191234804,0.14311761856079103,0.004418103141696738,64,5,"[128, 64]",sgd,90,"{'clf__batch_size': 64, 'clf__epochs': 5, 'clf__layers': [128, 64], 'clf__optimizer': 'sgd', 'preproc__k': 90}",0.17479674796747968,0.28760162601626016,0.2936991869918699,0.27235772357723576,0.16260162601626016,0.23821138211382112,0.05731058603663015,175,0.10436540309891772,0.23129560582639289,0.2332975866987452,0.1908047303321464,0.10434010144495179,0.1728206854802308,0.0579239394990325,175
0.7990310192108154,0.0446604531740999,0.14192094802856445,0.002028100579966488,64,5,"[128, 64]",sgd,100,"{'clf__batch_size': 64, 'clf__epochs': 5, 'clf__layers': [128, 64], 'clf__optimizer': 'sgd', 'preproc__k': 100}",0.26422764227642276,0.3485772357723577,0.34959349593495936,0.18089430894308944,0.3546747967479675,0.2995934959349594,0.0682255041245412,166,0.19185372458368097,0.28580306466869276,0.23304628678387235,0.12292794793122934,0.2577790574228975,0.2182820162780746,0.05679426884943795,167
0.8030360221862793,0.044895792446916216,0.14142246246337892,0.0013607722588175318,64,5,"[128, 64]",sgd,110,"{'clf__batch_size': 64, 'clf__epochs': 5, 'clf__layers': [128, 64], 'clf__optimizer': 'sgd', 'preproc__k': 110}",0.23577235772357724,0.22459349593495934,0.23983739837398374,0.27134146341463417,0.27540650406504064,0.24939024390243905,0.020249860356824287,173,0.17227982385101287,0.1606027288991399,0.2018505813984474,0.2224100520268967,0.243598250249547,0.20014828728500875,0.030746985863702763,169
0.8095012664794922,0.04317462887996662,0.14251770973205566,0.001864950399810069,64,5,"[128, 64]",sgd,120,"{'clf__batch_size': 64, 'clf__epochs': 5, 'clf__layers': [128, 64], 'clf__optimizer': 'sgd', 'preproc__k': 120}",0.3241869918699187,0.42784552845528456,0.3648373983739837,0.28760162601626016,0.3699186991869919,0.3548780487804878,0.04715447154471545,162,0.25369007591558806,0.3641827331845729,0.2694232728559655,0.2181316903968088,0.3076767346819606,0.28262090140697915,0.04990021159016923,162
1.2623308181762696,0.0483286211585108,0.14061541557312013,0.001280159021683809,64,10,"[64, 32]",adam,80,"{'clf__batch_size': 64, 'clf__epochs': 10, 'clf__layers': [64, 32], 'clf__optimizer': 'adam', 'preproc__k': 80}",0.7682926829268293,0.7378048780487805,0.7398373983739838,0.7357723577235772,0.7560975609756098,0.7475609756097562,0.012621280240861822,113,0.7479526094313854,0.7285007887682764,0.7242750831515605,0.7280486546914594,0.7405233526285868,0.7338600977342538,0.008914767737900255,110
1.2777159690856934,0.046164305262890164,0.1397170066833496,0.0018369468655231468,64,10,"[64, 32]",adam,90,"{'clf__batch_size': 64, 'clf__epochs': 10, 'clf__layers': [64, 32], 'clf__optimizer': 'adam', 'preproc__k': 90}",0.8638211382113821,0.8719512195121951,0.8302845528455285,0.8790650406504065,0.8861788617886179,0.8662601626016262,0.0194591929185389,92,0.8576295872099632,0.8652205789442544,0.8180317053574894,0.8800266815688206,0.883343547055256,0.8608504200271566,0.023394803479302367,87
1.2672017574310304,0.05040054727060967,0.13992228507995605,0.0027442953057635095,64,10,"[64, 32]",adam,100,"{'clf__batch_size': 64, 'clf__epochs': 10, 'clf__layers': [64, 32], 'clf__optimizer': 'adam', 'preproc__k': 100}",0.9237804878048781,0.9136178861788617,0.8841463414634146,0.8963414634146342,0.915650406504065,0.9067073170731709,0.014392195908211773,64,0.9163980856171382,0.8983136105352436,0.8712530814822657,0.8881366773981431,0.9059367232670791,0.8960076356599739,0.015455838293584353,64
1.2459215641021728,0.019740423501790134,0.14141497611999512,0.0008593338888507285,64,10,"[64, 32]",adam,110,"{'clf__batch_size': 64, 'clf__epochs': 10, 'clf__layers': [64, 32], 'clf__optimizer': 'adam', 'preproc__k': 110}",0.948170731707317,0.9400406504065041,0.9400406504065041,0.9441056910569106,0.9715447154471545,0.9487804878048781,0.011774592160943283,39,0.9401152623375113,0.9272288948356021,0.9294824920797936,0.9341690924173236,0.9644832436566247,0.939095797065371,0.013439294429623709,39
1.2675889492034913,0.05044170486964436,0.1412189483642578,0.0013652967053369347,64,10,"[64, 32]",adam,120,"{'clf__batch_size': 64, 'clf__epochs': 10, 'clf__layers': [64, 32], 'clf__optimizer': 'adam', 'preproc__k': 120}",1.0,0.9969512195121951,0.9989837398373984,0.9989837398373984,0.9979674796747967,0.9985772357723578,0.0010363860799985445,1,1.0,0.9968888137708668,0.9989841811140647,0.9989833638624955,0.9979639448568399,0.9985640607208535,0.001056487508346323,1
1.139255905151367,0.04809364087084389,0.13951349258422852,0.001448872941914167,64,10,"[64, 32]",sgd,80,"{'clf__batch_size': 64, 'clf__epochs': 10, 'clf__layers': [64, 32], 'clf__optimizer': 'sgd', 'preproc__k': 80}",0.17784552845528456,0.22967479674796748,0.24898373983739838,0.3008130081300813,0.2540650406504065,0.24227642276422764,0.039801086819292106,174,0.14687847089273173,0.15480842438195475,0.19475091395320304,0.2654815757052774,0.2097301671413896,0.1943299104149113,0.0426930710907361,170
1.1406733512878418,0.050070180984655474,0.14091753959655762,0.0017710931233555305,64,10,"[64, 32]",sgd,90,"{'clf__batch_size': 64, 'clf__epochs': 10, 'clf__layers': [64, 32], 'clf__optimizer': 'sgd', 'preproc__k': 90}",0.30589430894308944,0.36890243902439024,0.12804878048780488,0.2266260162601626,0.31910569105691056,0.26971544715447154,0.08427634198101566,169,0.20870965957855728,0.2919453553186744,0.05675785089128008,0.17241967492137755,0.21933151108008508,0.18983281035799487,0.07702680409044095,171
1.1421791076660157,0.04270664024719363,0.14031896591186524,0.001212287130854162,64,10,"[64, 32]",sgd,100,"{'clf__batch_size': 64, 'clf__epochs': 10, 'clf__layers': [64, 32], 'clf__optimizer': 'sgd', 'preproc__k': 100}",0.16463414634146342,0.22967479674796748,0.29878048780487804,0.3434959349593496,0.23780487804878048,0.2548780487804878,0.06140230110081043,171,0.11997596506144553,0.17620773543881973,0.20188572321104092,0.23519111728982775,0.1587080067504063,0.17839370955030803,0.03894292870464032,174
1.1324937343597412,0.04637861876489994,0.14152030944824218,0.0007047354668629611,64,10,"[64, 32]",sgd,110,"{'clf__batch_size': 64, 'clf__epochs': 10, 'clf__layers': [64, 32], 'clf__optimizer': 'sgd', 'preproc__k': 110}",0.24695121951219512,0.266260162601626,0.3048780487804878,0.2916666666666667,0.27134146341463417,0.276219512195122,0.020196748556568566,168,0.1922955066725034,0.20373195629058638,0.24707633685911293,0.20391571200140027,0.19949422960180754,0.20930274828508208,0.0193512334653715,168
1.1134520530700684,0.005500498332960306,0.14221739768981934,0.001532500169032178,64,10,"[64, 32]",sgd,120,"{'clf__batch_size': 64, 'clf__epochs': 10, 'clf__layers': [64, 32], 'clf__optimizer': 'sgd', 'preproc__k': 120}",0.45426829268292684,0.3404471544715447,0.38414634146341464,0.35772357723577236,0.3719512195121951,0.3817073170731707,0.03909947891094133,161,0.35017229371039305,0.24114588232234138,0.3025981883873581,0.28183857640708515,0.2868849236011488,0.2925279728856653,0.03524344874315242,161
1.409699296951294,0.06536705294655186,0.14302220344543456,0.0011418828557224633,64,10,"[128, 64]",adam,80,"{'clf__batch_size': 64, 'clf__epochs': 10, 'clf__layers': [128, 64], 'clf__optimizer': 'adam', 'preproc__k': 80}",0.7682926829268293,0.7469512195121951,0.7357723577235772,0.7357723577235772,0.7560975609756098,0.7485772357723578,0.012456547517109427,106,0.7479526094313854,0.7310621834543882,0.7231663393392203,0.7280486546914594,0.7405233526285868,0.7341506279090081,0.008927860616932818,105
1.3611495971679688,0.018299890982921275,0.1709195613861084,0.05583921077959343,64,10,"[128, 64]",adam,90,"{'clf__batch_size': 64, 'clf__epochs': 10, 'clf__layers': [128, 64], 'clf__optimizer': 'adam', 'preproc__k': 90}",0.8638211382113821,0.8709349593495935,0.8262195121951219,0.8790650406504065,0.8861788617886179,0.8652439024390244,0.020912253848604873,94,0.8576295872099632,0.8646618942098332,0.8164735337424862,0.8800266815688206,0.883343547055256,0.8604270487572718,0.0239456997803772,90
1.4032490253448486,0.040023016485302654,0.14342055320739747,0.003027461767299688,64,10,"[128, 64]",adam,100,"{'clf__batch_size': 64, 'clf__epochs': 10, 'clf__layers': [128, 64], 'clf__optimizer': 'adam', 'preproc__k': 100}",0.9237804878048781,0.9126016260162602,0.8841463414634146,0.8963414634146342,0.915650406504065,0.9065040650406505,0.01430004804824217,65,0.9163980856171382,0.8976056793842088,0.8712530814822657,0.8883188541745388,0.9059367232670791,0.8959024847850461,0.015419215308472279,65
1.3731470108032227,0.011188798780350388,0.17262349128723145,0.059461795436697155,64,10,"[128, 64]",adam,110,"{'clf__batch_size': 64, 'clf__epochs': 10, 'clf__layers': [128, 64], 'clf__optimizer': 'adam', 'preproc__k': 110}",0.948170731707317,0.9400406504065041,0.9400406504065041,0.9441056910569106,0.9715447154471545,0.9487804878048781,0.011774592160943283,39,0.9401152623375113,0.9272288948356021,0.9294824920797936,0.9341690924173236,0.9644832436566247,0.939095797065371,0.013439294429623709,39
1.4114695549011231,0.04488440401283563,0.1434023857116699,0.0018144499086099766,64,10,"[128, 64]",adam,120,"{'clf__batch_size': 64, 'clf__epochs': 10, 'clf__layers': [128, 64], 'clf__optimizer': 'adam', 'preproc__k': 120}",0.9979674796747967,0.9969512195121951,0.9989837398373984,0.9989837398373984,0.9979674796747967,0.9981707317073172,0.0007604994688565126,6,0.997932528928464,0.9968888137708668,0.9989841811140647,0.9989833638624955,0.9979639448568399,0.9981505665065462,0.0007826688624870652,6
1.2488302707672119,0.04272267426249919,0.1413182258605957,0.0008122467527168899,64,10,"[128, 64]",sgd,80,"{'clf__batch_size': 64, 'clf__epochs': 10, 'clf__layers': [128, 64], 'clf__optimizer': 'sgd', 'preproc__k': 80}",0.49085365853658536,0.4268292682926829,0.5111788617886179,0.3394308943089431,0.41971544715447157,0.4376016260162602,0.06053567582937773,158,0.4408821735082322,0.3590578894457618,0.43311998375888955,0.29147586177611806,0.3482459055784446,0.37455636281348925,0.05597074834557658,157
1.2494726657867432,0.04745671584906277,0.14272613525390626,0.0012558802555362328,64,10,"[128, 64]",sgd,90,"{'clf__batch_size': 64, 'clf__epochs': 10, 'clf__layers': [128, 64], 'clf__optimizer': 'sgd', 'preproc__k': 90}",0.491869918699187,0.45528455284552843,0.5172764227642277,0.3018292682926829,0.5955284552845529,0.47235772357723577,0.0968926123757784,154,0.4290311774702078,0.4135632854811889,0.44929386680202,0.25834317294490655,0.516938058298647,0.41343391219939407,0.08520032092394429,153
1.219832706451416,0.0065858505153791515,0.14101872444152833,0.001310973686339691,64,10,"[128, 64]",sgd,100,"{'clf__batch_size': 64, 'clf__epochs': 10, 'clf__layers': [128, 64], 'clf__optimizer': 'sgd', 'preproc__k': 100}",0.4806910569105691,0.6565040650406504,0.45528455284552843,0.4898373983739837,0.516260162601626,0.5197154471544716,0.07111962591133333,150,0.4126094508047908,0.6046587999216756,0.3812436158944701,0.4140823102751329,0.4503848404688373,0.4525958034729813,0.07912190022567199,149
1.2608254909515382,0.04293575760727258,0.14522314071655273,0.0009282163489338835,64,10,"[128, 64]",sgd,110,"{'clf__batch_size': 64, 'clf__epochs': 10, 'clf__layers': [128, 64], 'clf__optimizer': 'sgd', 'preproc__k': 110}",0.5050813008130082,0.5955284552845529,0.608739837398374,0.5274390243902439,0.6432926829268293,0.5760162601626015,0.05170917059622104,142,0.42840236626488737,0.5236761468002235,0.5519738909773029,0.47646153803299013,0.5839550017023145,0.5128937887555437,0.055062362803168396,140
1.2585358619689941,0.04015541757273627,0.1416193962097168,0.002394129727028158,64,10,"[128, 64]",sgd,120,"{'clf__batch_size': 64, 'clf__epochs': 10, 'clf__layers': [128, 64], 'clf__optimizer': 'sgd', 'preproc__k': 120}",0.6056910569105691,0.6585365853658537,0.6260162601626016,0.5640243902439024,0.7459349593495935,0.640040650406504,0.06117312184401341,133,0.510529790427022,0.5961462219043613,0.5697683893656258,0.5128117830563207,0.6912171956331592,0.5760946760772978,0.0663306259309242,136
2.095376205444336,0.060277266261514605,0.1380173683166504,0.00391503636230756,64,20,"[64, 32]",adam,80,"{'clf__batch_size': 64, 'clf__epochs': 20, 'clf__layers': [64, 32], 'clf__optimizer': 'adam', 'preproc__k': 80}",0.7571138211382114,0.7367886178861789,0.7347560975609756,0.7367886178861789,0.7479674796747967,0.7426829268292683,0.008584842309732856,125,0.7442247113132433,0.7282764624937302,0.7229190060115114,0.7283055312080595,0.7385028639607486,0.7324457149974586,0.007755201868726957,123
2.1003698348999023,0.04519867337137284,0.14061918258666992,0.003615746834133278,64,20,"[64, 32]",adam,90,"{'clf__batch_size': 64, 'clf__epochs': 20, 'clf__layers': [64, 32], 'clf__optimizer': 'adam', 'preproc__k': 90}",0.8678861788617886,0.8678861788617886,0.8333333333333334,0.8790650406504065,0.8861788617886179,0.866869918699187,0.01815667596270511,86,0.8592741299045494,0.8630869030185088,0.8193623177581807,0.8800266815688206,0.883343547055256,0.861018715861063,0.02281349306607914,86
2.0957611083984373,0.05910093103033314,0.13761553764343262,0.0022940954805991923,64,20,"[64, 32]",adam,100,"{'clf__batch_size': 64, 'clf__epochs': 20, 'clf__layers': [64, 32], 'clf__optimizer': 'adam', 'preproc__k': 100}",0.926829268292683,0.9095528455284553,0.891260162601626,0.8963414634146342,0.9237804878048781,0.9095528455284553,0.014213116859387899,61,0.9177963423508818,0.8956005058571495,0.8752321734510439,0.8881366773981431,0.9116399279489412,0.8976811254012318,0.015484515042649251,61
2.1047314643859862,0.017396584700765976,0.14001803398132323,0.0028827943165786033,64,20,"[64, 32]",adam,110,"{'clf__batch_size': 64, 'clf__epochs': 20, 'clf__layers': [64, 32], 'clf__optimizer': 'adam', 'preproc__k': 110}",0.9563008130081301,0.9359756097560976,0.9522357723577236,0.9441056910569106,0.9715447154471545,0.9520325203252034,0.011997036230385118,29,0.9466850966958287,0.9239549508858452,0.9401036550959199,0.9341690924173236,0.9644832436566247,0.9418792077503084,0.013549291181684754,29
2.096889925003052,0.025013909559057933,0.14041972160339355,0.0023944304709325975,64,20,"[64, 32]",adam,120,"{'clf__batch_size': 64, 'clf__epochs': 20, 'clf__layers': [64, 32], 'clf__optimizer': 'adam', 'preproc__k': 120}",0.9979674796747967,0.9969512195121951,0.9989837398373984,0.9989837398373984,0.9979674796747967,0.9981707317073172,0.0007604994688565126,6,0.997932528928464,0.9968888137708668,0.9989841811140647,0.9989833638624955,0.9979639448568399,0.9981505665065462,0.0007826688624870652,6
1.8332436561584473,0.03866969014312615,0.13491830825805665,0.0013186211472364388,64,20,"[64, 32]",sgd,80,"{'clf__batch_size': 64, 'clf__epochs': 20, 'clf__layers': [64, 32], 'clf__optimizer': 'sgd', 'preproc__k': 80}",0.39939024390243905,0.4176829268292683,0.508130081300813,0.4329268292682927,0.5040650406504065,0.4524390243902439,0.04509905666884681,156,0.3437669531486567,0.3640309253299799,0.43724803995425404,0.3771575375801612,0.4310052354275276,0.3906417382881159,0.03711755318771468,155
1.843566656112671,0.04525511335587266,0.1368178367614746,0.0021836455858795824,64,20,"[64, 32]",sgd,90,"{'clf__batch_size': 64, 'clf__epochs': 20, 'clf__layers': [64, 32], 'clf__optimizer': 'sgd', 'preproc__k': 90}",0.4247967479674797,0.49085365853658536,0.5436991869918699,0.3861788617886179,0.5457317073170732,0.4782520325203253,0.06376609401957532,153,0.33450775284923157,0.43427342955446324,0.49182018159433055,0.28505557526329206,0.4940912462695345,0.4079496371061704,0.08443251495757523,154
1.8930678367614746,0.03871100218651776,0.14087753295898436,0.009711322880249597,64,20,"[64, 32]",sgd,100,"{'clf__batch_size': 64, 'clf__epochs': 20, 'clf__layers': [64, 32], 'clf__optimizer': 'sgd', 'preproc__k': 100}",0.5050813008130082,0.6280487804878049,0.4481707317073171,0.5,0.5335365853658537,0.5229674796747968,0.05932244060903328,149,0.40083410242517165,0.5737501970957997,0.3600890188057543,0.4581742316821849,0.46633840891109496,0.45183719178400106,0.07229421360798381,150
1.8423130512237549,0.04637950026021577,0.13671727180480958,0.0019163672994944622,64,20,"[64, 32]",sgd,110,"{'clf__batch_size': 64, 'clf__epochs': 20, 'clf__layers': [64, 32], 'clf__optimizer': 'sgd', 'preproc__k': 110}",0.508130081300813,0.5741869918699187,0.6554878048780488,0.633130081300813,0.43089430894308944,0.5603658536585365,0.08249278646579271,144,0.4240587112267634,0.5104404557857676,0.5834539259129325,0.56003784834229,0.36222017733942935,0.4880422237214367,0.0833228910997994,144
1.8328970432281495,0.04068583217358336,0.13851590156555177,0.0033313654909886883,64,20,"[64, 32]",sgd,120,"{'clf__batch_size': 64, 'clf__epochs': 20, 'clf__layers': [64, 32], 'clf__optimizer': 'sgd', 'preproc__k': 120}",0.5497967479674797,0.5060975609756098,0.5436991869918699,0.6189024390243902,0.7184959349593496,0.58739837398374,0.07498319815323869,141,0.44563282378745667,0.41914204241249,0.4652240256150246,0.5449392628750555,0.6583610743302217,0.5066598458040497,0.0866939063937951,141
2.3246174812316895,0.05596414074609931,0.13892087936401368,0.0009735502715030152,64,20,"[128, 64]",adam,80,"{'clf__batch_size': 64, 'clf__epochs': 20, 'clf__layers': [128, 64], 'clf__optimizer': 'adam', 'preproc__k': 80}",0.7611788617886179,0.7367886178861789,0.7347560975609756,0.7367886178861789,0.7479674796747967,0.7434959349593496,0.009990411160523998,124,0.7454103415468672,0.7282764624937302,0.7229190060115114,0.7283055312080595,0.7385028639607486,0.7326828410441835,0.008121224337151582,122
2.319381284713745,0.025054017849908912,0.13901677131652831,0.0016107449141578628,64,20,"[128, 64]",adam,90,"{'clf__batch_size': 64, 'clf__epochs': 20, 'clf__layers': [128, 64], 'clf__optimizer': 'adam', 'preproc__k': 90}",0.8678861788617886,0.8709349593495935,0.8384146341463414,0.8790650406504065,0.8861788617886179,0.8684959349593495,0.016343789018678577,81,0.8592741299045494,0.8646618942098332,0.8218715615804291,0.8800266815688206,0.883343547055256,0.8618355628637776,0.02193253596818958,79
2.325719404220581,0.03451337825234173,0.14382100105285645,0.008962898035800785,64,20,"[128, 64]",adam,100,"{'clf__batch_size': 64, 'clf__epochs': 20, 'clf__layers': [128, 64], 'clf__optimizer': 'adam', 'preproc__k': 100}",0.926829268292683,0.9126016260162602,0.8963414634146342,0.8963414634146342,0.9237804878048781,0.9111788617886181,0.013008130081300823,50,0.9177963423508818,0.8976056793842088,0.8786339024901243,0.8881366773981431,0.9116399279489412,0.8987625059144598,0.014474267393108692,51
2.3173921585083006,0.054935810910025314,0.13822488784790038,0.00316437261197207,64,20,"[128, 64]",adam,110,"{'clf__batch_size': 64, 'clf__epochs': 20, 'clf__layers': [128, 64], 'clf__optimizer': 'adam', 'preproc__k': 110}",0.948170731707317,0.9359756097560976,0.9522357723577236,0.9441056910569106,0.9715447154471545,0.9504065040650407,0.01185849767952424,36,0.9401152623375113,0.9239549508858452,0.9401036550959199,0.9341690924173236,0.9644832436566247,0.940565240878645,0.01333640767068786,36
2.3017812728881837,0.024264316667717948,0.16714081764221192,0.057069507250585,64,20,"[128, 64]",adam,120,"{'clf__batch_size': 64, 'clf__epochs': 20, 'clf__layers': [128, 64], 'clf__optimizer': 'adam', 'preproc__k': 120}",0.9979674796747967,0.9969512195121951,0.9989837398373984,0.9989837398373984,0.9979674796747967,0.9981707317073172,0.0007604994688565126,6,0.997932528928464,0.9968888137708668,0.9989824113927414,0.9989833638624955,0.9979639448568399,0.9981502125622816,0.0007822921086105916,13
2.0817413330078125,0.017770009715863917,0.16714634895324706,0.05925365568929129,64,20,"[128, 64]",sgd,80,"{'clf__batch_size': 64, 'clf__epochs': 20, 'clf__layers': [128, 64], 'clf__optimizer': 'sgd', 'preproc__k': 80}",0.5914634146341463,0.6717479674796748,0.616869918699187,0.608739837398374,0.6402439024390244,0.6258130081300812,0.02781955348938467,136,0.5498211638426072,0.6450955384746629,0.5697496499274153,0.5631170210660682,0.5844938141314282,0.5824554374884363,0.0332515997647179,135
2.0652064800262453,0.008489722986787766,0.16604013442993165,0.05758201155947944,64,20,"[128, 64]",sgd,90,"{'clf__batch_size': 64, 'clf__epochs': 20, 'clf__layers': [128, 64], 'clf__optimizer': 'sgd', 'preproc__k': 90}",0.7560975609756098,0.6890243902439024,0.6585365853658537,0.6239837398373984,0.7428861788617886,0.6941056910569106,0.04986100052534902,129,0.7105549926230266,0.6534510058241417,0.607579230023909,0.5567395554313017,0.6891205688576186,0.6434890705519996,0.05566741724859923,129
2.1118376731872557,0.036389994496679,0.13831868171691894,0.0017517784784817283,64,20,"[128, 64]",sgd,100,"{'clf__batch_size': 64, 'clf__epochs': 20, 'clf__layers': [128, 64], 'clf__optimizer': 'sgd', 'preproc__k': 100}",0.7510162601626016,0.7479674796747967,0.790650406504065,0.7164634146341463,0.8048780487804879,0.7621951219512194,0.03178149546973964,104,0.7052575261418725,0.7181845641766952,0.7581614205487505,0.688496083535222,0.774582405519495,0.7289363999844071,0.032401758848841715,124
2.073561668395996,0.0037878488758083554,0.1391158103942871,0.0022425441722711526,64,20,"[128, 64]",sgd,110,"{'clf__batch_size': 64, 'clf__epochs': 20, 'clf__layers': [128, 64], 'clf__optimizer': 'sgd', 'preproc__k': 110}",0.7845528455284553,0.8221544715447154,0.7682926829268293,0.8770325203252033,0.8445121951219512,0.8193089430894309,0.03946126564808854,99,0.7410242872634274,0.7952722442411967,0.7307480826826086,0.8543083550942994,0.8072766752018844,0.7857259288966832,0.04534295165770744,99
2.166571760177612,0.07209860431589675,0.14371943473815918,0.003343478277097612,64,20,"[128, 64]",sgd,120,"{'clf__batch_size': 64, 'clf__epochs': 20, 'clf__layers': [128, 64], 'clf__optimizer': 'sgd', 'preproc__k': 120}",0.8882113821138211,0.9197154471544715,0.8882113821138211,0.9115853658536586,0.8313008130081301,0.8878048780487806,0.03090901447188143,71,0.8600693565507679,0.9082590401662106,0.8582301580886976,0.8926092670528976,0.781435018029344,0.8601205679775836,0.04374430274921905,91
