mean_fit_time,std_fit_time,mean_score_time,std_score_time,param_clf__batch_size,param_clf__epochs,param_clf__layers,param_clf__optimizer,param_preproc__n_features_to_select,param_preproc__step,params,split0_test_accuracy,split1_test_accuracy,split2_test_accuracy,split3_test_accuracy,split4_test_accuracy,mean_test_accuracy,std_test_accuracy,rank_test_accuracy,split0_test_f1,split1_test_f1,split2_test_f1,split3_test_f1,split4_test_f1,mean_test_f1,std_test_f1,rank_test_f1
4.197614908218384,0.1470164045892631,0.13931946754455565,0.004835157719738094,16,5,"[64, 32]",adam,100,1,"{'clf__batch_size': 16, 'clf__epochs': 5, 'clf__layers': [64, 32], 'clf__optimizer': 'adam', 'preproc__n_features_to_select': 100, 'preproc__step': 1}",1.0,1.0,1.0,1.0,1.0,1.0,0.0,1,1.0,1.0,1.0,1.0,1.0,1.0,0.0,1
2.9648976802825926,0.07178407400124999,0.1521167278289795,0.0018849146229051933,16,5,"[64, 32]",adam,100,2,"{'clf__batch_size': 16, 'clf__epochs': 5, 'clf__layers': [64, 32], 'clf__optimizer': 'adam', 'preproc__n_features_to_select': 100, 'preproc__step': 2}",1.0,1.0,1.0,1.0,1.0,1.0,0.0,1,1.0,1.0,1.0,1.0,1.0,1.0,0.0,1
3.3457743644714357,0.08305401805776624,0.15332317352294922,0.006089709863747294,16,5,"[64, 32]",adam,110,1,"{'clf__batch_size': 16, 'clf__epochs': 5, 'clf__layers': [64, 32], 'clf__optimizer': 'adam', 'preproc__n_features_to_select': 110, 'preproc__step': 1}",1.0,1.0,1.0,1.0,1.0,1.0,0.0,1,1.0,1.0,1.0,1.0,1.0,1.0,0.0,1
2.5688390254974367,0.05737367130127432,0.14841432571411134,0.006875220659941914,16,5,"[64, 32]",adam,110,2,"{'clf__batch_size': 16, 'clf__epochs': 5, 'clf__layers': [64, 32], 'clf__optimizer': 'adam', 'preproc__n_features_to_select': 110, 'preproc__step': 2}",1.0,1.0,1.0,1.0,1.0,1.0,0.0,1,1.0,1.0,1.0,1.0,1.0,1.0,0.0,1
2.601334476470947,0.05059540135906083,0.15322036743164064,0.0035386556413532326,16,5,"[64, 32]",adam,120,1,"{'clf__batch_size': 16, 'clf__epochs': 5, 'clf__layers': [64, 32], 'clf__optimizer': 'adam', 'preproc__n_features_to_select': 120, 'preproc__step': 1}",1.0,1.0,1.0,1.0,1.0,1.0,0.0,1,1.0,1.0,1.0,1.0,1.0,1.0,0.0,1
2.2332987785339355,0.06968141384598506,0.15021657943725586,0.0042991329581685556,16,5,"[64, 32]",adam,120,2,"{'clf__batch_size': 16, 'clf__epochs': 5, 'clf__layers': [64, 32], 'clf__optimizer': 'adam', 'preproc__n_features_to_select': 120, 'preproc__step': 2}",1.0,1.0,1.0,1.0,1.0,1.0,0.0,1,1.0,1.0,1.0,1.0,1.0,1.0,0.0,1
3.884836292266846,0.06355783187718148,0.14801697731018065,0.00776353041489109,16,5,"[64, 32]",sgd,100,1,"{'clf__batch_size': 16, 'clf__epochs': 5, 'clf__layers': [64, 32], 'clf__optimizer': 'sgd', 'preproc__n_features_to_select': 100, 'preproc__step': 1}",0.7306910569105691,0.6880081300813008,0.6199186991869918,0.5894308943089431,0.681910569105691,0.6619918699186991,0.050652592313430445,183,0.6761188816752867,0.628089819938304,0.5450488087123605,0.5036834454340496,0.612242724185061,0.5930367359890124,0.061297770442467106,183
2.7816607475280763,0.0753803060412856,0.14982056617736816,0.005642123242256918,16,5,"[64, 32]",sgd,100,2,"{'clf__batch_size': 16, 'clf__epochs': 5, 'clf__layers': [64, 32], 'clf__optimizer': 'sgd', 'preproc__n_features_to_select': 100, 'preproc__step': 2}",0.7754065040650406,0.7804878048780488,0.676829268292683,0.733739837398374,0.6849593495934959,0.7302845528455285,0.043543397856165685,169,0.7178390053149049,0.7472297549642377,0.6091176940598371,0.6905226007578934,0.6013548638426809,0.6732127837879108,0.05838044641749967,169
3.1885053634643556,0.12451951169869627,0.1527226448059082,0.0070511292136860235,16,5,"[64, 32]",sgd,110,1,"{'clf__batch_size': 16, 'clf__epochs': 5, 'clf__layers': [64, 32], 'clf__optimizer': 'sgd', 'preproc__n_features_to_select': 110, 'preproc__step': 1}",0.7408536585365854,0.6646341463414634,0.7276422764227642,0.766260162601626,0.5884146341463414,0.697560975609756,0.06402471286536345,176,0.680259504098807,0.5798231716300803,0.6605347629043601,0.7125307120780855,0.5141595456594475,0.629461539274156,0.07239472798667447,177
2.4216745376586912,0.045415572947268314,0.1566244602203369,0.002268689458160512,16,5,"[64, 32]",sgd,110,2,"{'clf__batch_size': 16, 'clf__epochs': 5, 'clf__layers': [64, 32], 'clf__optimizer': 'sgd', 'preproc__n_features_to_select': 110, 'preproc__step': 2}",0.6341463414634146,0.7073170731707317,0.7916666666666666,0.7184959349593496,0.8302845528455285,0.7363821138211382,0.06854326366598736,168,0.5490579142642656,0.6387080342174454,0.7394396780023261,0.6645701305277992,0.7878312865693285,0.675921408716233,0.08266368522738142,168
2.416385459899902,0.0399704233765817,0.18363304138183595,0.05901196132929457,16,5,"[64, 32]",sgd,120,1,"{'clf__batch_size': 16, 'clf__epochs': 5, 'clf__layers': [64, 32], 'clf__optimizer': 'sgd', 'preproc__n_features_to_select': 120, 'preproc__step': 1}",0.7327235772357723,0.681910569105691,0.6026422764227642,0.5558943089430894,0.8445121951219512,0.6835365853658537,0.1011648071062289,179,0.6806549505285123,0.6366514008567467,0.5272815186628367,0.4709774521136585,0.8076132794910552,0.6246357203305618,0.1181964651422267,178
2.044747018814087,0.03716620029992898,0.18244414329528807,0.05699174721878693,16,5,"[64, 32]",sgd,120,2,"{'clf__batch_size': 16, 'clf__epochs': 5, 'clf__layers': [64, 32], 'clf__optimizer': 'sgd', 'preproc__n_features_to_select': 120, 'preproc__step': 2}",0.8292682926829268,0.8211382113821138,0.6646341463414634,0.665650406504065,0.842479674796748,0.7646341463414634,0.0815205364213068,166,0.780227637544829,0.7819478771938083,0.6023503140730335,0.5916328103576216,0.8060743669040843,0.7124466012146754,0.09477132399659177,166
4.556112432479859,0.09135822384661449,0.1545163631439209,0.003243111479840096,16,5,"[128, 64]",adam,100,1,"{'clf__batch_size': 16, 'clf__epochs': 5, 'clf__layers': [128, 64], 'clf__optimizer': 'adam', 'preproc__n_features_to_select': 100, 'preproc__step': 1}",1.0,1.0,1.0,1.0,1.0,1.0,0.0,1,1.0,1.0,1.0,1.0,1.0,1.0,0.0,1
3.3901881694793703,0.11070709242685006,0.1514193058013916,0.003513796804745036,16,5,"[128, 64]",adam,100,2,"{'clf__batch_size': 16, 'clf__epochs': 5, 'clf__layers': [128, 64], 'clf__optimizer': 'adam', 'preproc__n_features_to_select': 100, 'preproc__step': 2}",1.0,1.0,1.0,1.0,1.0,1.0,0.0,1,1.0,1.0,1.0,1.0,1.0,1.0,0.0,1
3.7696982860565185,0.11170856775976382,0.1566232204437256,0.003911092339941505,16,5,"[128, 64]",adam,110,1,"{'clf__batch_size': 16, 'clf__epochs': 5, 'clf__layers': [128, 64], 'clf__optimizer': 'adam', 'preproc__n_features_to_select': 110, 'preproc__step': 1}",1.0,1.0,1.0,1.0,1.0,1.0,0.0,1,1.0,1.0,1.0,1.0,1.0,1.0,0.0,1
3.010067176818848,0.0729996312350459,0.15961790084838867,0.00619835664091187,16,5,"[128, 64]",adam,110,2,"{'clf__batch_size': 16, 'clf__epochs': 5, 'clf__layers': [128, 64], 'clf__optimizer': 'adam', 'preproc__n_features_to_select': 110, 'preproc__step': 2}",1.0,1.0,1.0,1.0,1.0,1.0,0.0,1,1.0,1.0,1.0,1.0,1.0,1.0,0.0,1
2.9246754169464113,0.07432929414556669,0.15231752395629883,0.0036155856939492515,16,5,"[128, 64]",adam,120,1,"{'clf__batch_size': 16, 'clf__epochs': 5, 'clf__layers': [128, 64], 'clf__optimizer': 'adam', 'preproc__n_features_to_select': 120, 'preproc__step': 1}",1.0,1.0,1.0,1.0,1.0,1.0,0.0,1,1.0,1.0,1.0,1.0,1.0,1.0,0.0,1
2.5267554759979247,0.05874006295375943,0.15581583976745605,0.005498029942900919,16,5,"[128, 64]",adam,120,2,"{'clf__batch_size': 16, 'clf__epochs': 5, 'clf__layers': [128, 64], 'clf__optimizer': 'adam', 'preproc__n_features_to_select': 120, 'preproc__step': 2}",1.0,1.0,1.0,1.0,1.0,1.0,0.0,1,1.0,1.0,1.0,1.0,1.0,1.0,0.0,1
4.229377937316895,0.17301732149584012,0.15562186241149903,0.002781514444304454,16,5,"[128, 64]",sgd,100,1,"{'clf__batch_size': 16, 'clf__epochs': 5, 'clf__layers': [128, 64], 'clf__optimizer': 'sgd', 'preproc__n_features_to_select': 100, 'preproc__step': 1}",0.9817073170731707,0.9928861788617886,0.9888211382113821,0.983739837398374,0.9776422764227642,0.984959349593496,0.005354447102568898,145,0.9810756892895016,0.9928690959293813,0.988786878889447,0.9831717315584998,0.9730991429372422,0.9838005077208143,0.006774103523049029,145
3.073756217956543,0.058831675629135924,0.18098177909851074,0.0564480631820163,16,5,"[128, 64]",sgd,100,2,"{'clf__batch_size': 16, 'clf__epochs': 5, 'clf__layers': [128, 64], 'clf__optimizer': 'sgd', 'preproc__n_features_to_select': 100, 'preproc__step': 2}",0.983739837398374,0.9939024390243902,0.9898373983739838,0.9705284552845529,0.948170731707317,0.9772357723577235,0.01654476538615345,151,0.9827467054285056,0.9940450720296676,0.9897149174124081,0.9664670961653276,0.9419151923826115,0.9749777966837041,0.019008774216452595,151
3.4640649795532226,0.10443396236226281,0.15542120933532716,0.005203237527442806,16,5,"[128, 64]",sgd,110,1,"{'clf__batch_size': 16, 'clf__epochs': 5, 'clf__layers': [128, 64], 'clf__optimizer': 'sgd', 'preproc__n_features_to_select': 110, 'preproc__step': 1}",0.9857723577235772,0.9684959349593496,0.991869918699187,0.9796747967479674,0.9989837398373984,0.9849593495934957,0.01043140440679378,146,0.9854279628514709,0.9627947994404261,0.9918447006800152,0.9788749929277439,0.998983298560732,0.9835851508920775,0.012354297809061845,146
2.6913410663604735,0.0580729586366372,0.15422019958496094,0.00262877735091965,16,5,"[128, 64]",sgd,110,2,"{'clf__batch_size': 16, 'clf__epochs': 5, 'clf__layers': [128, 64], 'clf__optimizer': 'sgd', 'preproc__n_features_to_select': 110, 'preproc__step': 2}",0.9817073170731707,0.9867886178861789,0.9786585365853658,0.991869918699187,0.9766260162601627,0.983130081300813,0.005551422879572202,147,0.9815867050969109,0.9870205140744294,0.9782272484183506,0.9917025150184785,0.976228710192709,0.9829531385601757,0.005701127027077615,147
2.7185081958770754,0.0726622133409048,0.15142035484313965,0.004404964891077317,16,5,"[128, 64]",sgd,120,1,"{'clf__batch_size': 16, 'clf__epochs': 5, 'clf__layers': [128, 64], 'clf__optimizer': 'sgd', 'preproc__n_features_to_select': 120, 'preproc__step': 1}",0.9654471544715447,0.9563008130081301,0.9552845528455285,0.9878048780487805,0.9623983739837398,0.9654471544715447,0.011799126238780473,159,0.9569526819199572,0.9466755411286453,0.9519365959189448,0.9871152635380278,0.9516320358913082,0.9588624236793766,0.014495763365236052,159
2.2973400115966798,0.04525772284200163,0.1550234317779541,0.011450778550024906,16,5,"[128, 64]",sgd,120,2,"{'clf__batch_size': 16, 'clf__epochs': 5, 'clf__layers': [128, 64], 'clf__optimizer': 'sgd', 'preproc__n_features_to_select': 120, 'preproc__step': 2}",0.9847560975609756,0.9766260162601627,0.9959349593495935,0.9552845528455285,0.9522357723577236,0.9729674796747968,0.016866245069694908,156,0.9845699114170382,0.9709324164699455,0.9959345453841479,0.9443644700356421,0.9463806779854486,0.9684364042584445,0.02043810643979383,156
5.500527858734131,0.06668270853234291,0.18299493789672852,0.05767740085107963,16,10,"[64, 32]",adam,100,1,"{'clf__batch_size': 16, 'clf__epochs': 10, 'clf__layers': [64, 32], 'clf__optimizer': 'adam', 'preproc__n_features_to_select': 100, 'preproc__step': 1}",1.0,1.0,1.0,1.0,1.0,1.0,0.0,1,1.0,1.0,1.0,1.0,1.0,1.0,0.0,1
4.34072437286377,0.09002146527181007,0.15151710510253907,0.008017181036734657,16,10,"[64, 32]",adam,100,2,"{'clf__batch_size': 16, 'clf__epochs': 10, 'clf__layers': [64, 32], 'clf__optimizer': 'adam', 'preproc__n_features_to_select': 100, 'preproc__step': 2}",1.0,1.0,1.0,1.0,1.0,1.0,0.0,1,1.0,1.0,1.0,1.0,1.0,1.0,0.0,1
4.739895868301391,0.05395081406516906,0.14831671714782715,0.002018144289224656,16,10,"[64, 32]",adam,110,1,"{'clf__batch_size': 16, 'clf__epochs': 10, 'clf__layers': [64, 32], 'clf__optimizer': 'adam', 'preproc__n_features_to_select': 110, 'preproc__step': 1}",1.0,1.0,1.0,1.0,1.0,1.0,0.0,1,1.0,1.0,1.0,1.0,1.0,1.0,0.0,1
3.9957415580749513,0.11326515568394917,0.149521541595459,0.0034927367936215996,16,10,"[64, 32]",adam,110,2,"{'clf__batch_size': 16, 'clf__epochs': 10, 'clf__layers': [64, 32], 'clf__optimizer': 'adam', 'preproc__n_features_to_select': 110, 'preproc__step': 2}",1.0,1.0,1.0,1.0,1.0,1.0,0.0,1,1.0,1.0,1.0,1.0,1.0,1.0,0.0,1
3.983674097061157,0.04484927894844634,0.15301623344421386,0.005881013675682697,16,10,"[64, 32]",adam,120,1,"{'clf__batch_size': 16, 'clf__epochs': 10, 'clf__layers': [64, 32], 'clf__optimizer': 'adam', 'preproc__n_features_to_select': 120, 'preproc__step': 1}",1.0,1.0,1.0,1.0,1.0,1.0,0.0,1,1.0,1.0,1.0,1.0,1.0,1.0,0.0,1
3.590901279449463,0.08639629988398861,0.15462098121643067,0.0034988901332681055,16,10,"[64, 32]",adam,120,2,"{'clf__batch_size': 16, 'clf__epochs': 10, 'clf__layers': [64, 32], 'clf__optimizer': 'adam', 'preproc__n_features_to_select': 120, 'preproc__step': 2}",1.0,1.0,1.0,1.0,1.0,1.0,0.0,1,1.0,1.0,1.0,1.0,1.0,1.0,0.0,1
5.134504079818726,0.10486565848477065,0.15222516059875488,0.002644362091224683,16,10,"[64, 32]",sgd,100,1,"{'clf__batch_size': 16, 'clf__epochs': 10, 'clf__layers': [64, 32], 'clf__optimizer': 'sgd', 'preproc__n_features_to_select': 100, 'preproc__step': 1}",1.0,1.0,1.0,1.0,1.0,1.0,0.0,1,1.0,1.0,1.0,1.0,1.0,1.0,0.0,1
3.9395254135131834,0.06332064800174447,0.1518218994140625,0.007761841144336879,16,10,"[64, 32]",sgd,100,2,"{'clf__batch_size': 16, 'clf__epochs': 10, 'clf__layers': [64, 32], 'clf__optimizer': 'sgd', 'preproc__n_features_to_select': 100, 'preproc__step': 2}",1.0,0.9979674796747967,1.0,1.0,1.0,0.9995934959349594,0.0008130081300813163,143,1.0,0.9979520817935452,1.0,1.0,1.0,0.999590416358709,0.0008191672825819117,144
4.227348852157593,0.09212754355849692,0.14892077445983887,0.005079290063725074,16,10,"[64, 32]",sgd,110,1,"{'clf__batch_size': 16, 'clf__epochs': 10, 'clf__layers': [64, 32], 'clf__optimizer': 'sgd', 'preproc__n_features_to_select': 110, 'preproc__step': 1}",1.0,1.0,1.0,1.0,1.0,1.0,0.0,1,1.0,1.0,1.0,1.0,1.0,1.0,0.0,1
3.4858283519744875,0.06769088146804329,0.15062055587768555,0.002246850995127808,16,10,"[64, 32]",sgd,110,2,"{'clf__batch_size': 16, 'clf__epochs': 10, 'clf__layers': [64, 32], 'clf__optimizer': 'sgd', 'preproc__n_features_to_select': 110, 'preproc__step': 2}",1.0,0.9989837398373984,1.0,1.0,1.0,0.9997967479674796,0.00040650406504063593,138,1.0,0.9989802654436801,1.0,1.0,1.0,0.999796053088736,0.0004078938225279494,141
3.4549287796020507,0.04673896352627953,0.17975397109985353,0.05781976966951849,16,10,"[64, 32]",sgd,120,1,"{'clf__batch_size': 16, 'clf__epochs': 10, 'clf__layers': [64, 32], 'clf__optimizer': 'sgd', 'preproc__n_features_to_select': 120, 'preproc__step': 1}",1.0,1.0,0.9979674796747967,1.0,1.0,0.9995934959349594,0.0008130081300813163,143,1.0,1.0,0.9979759485094852,1.0,1.0,0.9995951897018971,0.0008096205962059066,143
3.0507426261901855,0.020416406299866345,0.17825703620910643,0.05992720617660369,16,10,"[64, 32]",sgd,120,2,"{'clf__batch_size': 16, 'clf__epochs': 10, 'clf__layers': [64, 32], 'clf__optimizer': 'sgd', 'preproc__n_features_to_select': 120, 'preproc__step': 2}",0.9989837398373984,1.0,1.0,1.0,1.0,0.9997967479674796,0.00040650406504063593,138,0.9989798122618907,1.0,1.0,1.0,1.0,0.9997959624523782,0.00040807509524372066,142
6.102231884002686,0.11022169817844842,0.15352377891540528,0.0029300754850245855,16,10,"[128, 64]",adam,100,1,"{'clf__batch_size': 16, 'clf__epochs': 10, 'clf__layers': [128, 64], 'clf__optimizer': 'adam', 'preproc__n_features_to_select': 100, 'preproc__step': 1}",1.0,1.0,1.0,1.0,1.0,1.0,0.0,1,1.0,1.0,1.0,1.0,1.0,1.0,0.0,1
4.886419677734375,0.11849959024747363,0.15341858863830565,0.0020373970496299606,16,10,"[128, 64]",adam,100,2,"{'clf__batch_size': 16, 'clf__epochs': 10, 'clf__layers': [128, 64], 'clf__optimizer': 'adam', 'preproc__n_features_to_select': 100, 'preproc__step': 2}",1.0,1.0,1.0,1.0,1.0,1.0,0.0,1,1.0,1.0,1.0,1.0,1.0,1.0,0.0,1
5.126518821716308,0.05194242567135313,0.1480165481567383,0.004073819328941856,16,10,"[128, 64]",adam,110,1,"{'clf__batch_size': 16, 'clf__epochs': 10, 'clf__layers': [128, 64], 'clf__optimizer': 'adam', 'preproc__n_features_to_select': 110, 'preproc__step': 1}",1.0,1.0,1.0,1.0,1.0,1.0,0.0,1,1.0,1.0,1.0,1.0,1.0,1.0,0.0,1
4.3325948238372805,0.11758737670358779,0.14721226692199707,0.004235004422989743,16,10,"[128, 64]",adam,110,2,"{'clf__batch_size': 16, 'clf__epochs': 10, 'clf__layers': [128, 64], 'clf__optimizer': 'adam', 'preproc__n_features_to_select': 110, 'preproc__step': 2}",1.0,1.0,1.0,1.0,1.0,1.0,0.0,1,1.0,1.0,1.0,1.0,1.0,1.0,0.0,1
4.386946058273315,0.13685706263236783,0.14941606521606446,0.005793178765994364,16,10,"[128, 64]",adam,120,1,"{'clf__batch_size': 16, 'clf__epochs': 10, 'clf__layers': [128, 64], 'clf__optimizer': 'adam', 'preproc__n_features_to_select': 120, 'preproc__step': 1}",1.0,1.0,1.0,1.0,1.0,1.0,0.0,1,1.0,1.0,1.0,1.0,1.0,1.0,0.0,1
3.998757076263428,0.05051078337550088,0.17500729560852052,0.05680949398328417,16,10,"[128, 64]",adam,120,2,"{'clf__batch_size': 16, 'clf__epochs': 10, 'clf__layers': [128, 64], 'clf__optimizer': 'adam', 'preproc__n_features_to_select': 120, 'preproc__step': 2}",1.0,1.0,1.0,1.0,1.0,1.0,0.0,1,1.0,1.0,1.0,1.0,1.0,1.0,0.0,1
5.5123497486114506,0.08625237615010035,0.14361319541931153,0.002287213983104933,16,10,"[128, 64]",sgd,100,1,"{'clf__batch_size': 16, 'clf__epochs': 10, 'clf__layers': [128, 64], 'clf__optimizer': 'sgd', 'preproc__n_features_to_select': 100, 'preproc__step': 1}",1.0,1.0,1.0,1.0,1.0,1.0,0.0,1,1.0,1.0,1.0,1.0,1.0,1.0,0.0,1
4.434542942047119,0.1431586999220822,0.14569754600524903,0.004690642884750753,16,10,"[128, 64]",sgd,100,2,"{'clf__batch_size': 16, 'clf__epochs': 10, 'clf__layers': [128, 64], 'clf__optimizer': 'sgd', 'preproc__n_features_to_select': 100, 'preproc__step': 2}",1.0,1.0,1.0,1.0,1.0,1.0,0.0,1,1.0,1.0,1.0,1.0,1.0,1.0,0.0,1
4.7769224643707275,0.06157043292853324,0.1513193130493164,0.003237863621221456,16,10,"[128, 64]",sgd,110,1,"{'clf__batch_size': 16, 'clf__epochs': 10, 'clf__layers': [128, 64], 'clf__optimizer': 'sgd', 'preproc__n_features_to_select': 110, 'preproc__step': 1}",1.0,1.0,1.0,1.0,1.0,1.0,0.0,1,1.0,1.0,1.0,1.0,1.0,1.0,0.0,1
4.916598510742188,0.5947935031507069,0.17192940711975097,0.0175909781819718,16,10,"[128, 64]",sgd,110,2,"{'clf__batch_size': 16, 'clf__epochs': 10, 'clf__layers': [128, 64], 'clf__optimizer': 'sgd', 'preproc__n_features_to_select': 110, 'preproc__step': 2}",1.0,1.0,1.0,1.0,1.0,1.0,0.0,1,1.0,1.0,1.0,1.0,1.0,1.0,0.0,1
4.377367162704468,0.07439304223693677,0.1773240089416504,0.014102234892141402,16,10,"[128, 64]",sgd,120,1,"{'clf__batch_size': 16, 'clf__epochs': 10, 'clf__layers': [128, 64], 'clf__optimizer': 'sgd', 'preproc__n_features_to_select': 120, 'preproc__step': 1}",1.0,1.0,1.0,1.0,1.0,1.0,0.0,1,1.0,1.0,1.0,1.0,1.0,1.0,0.0,1
3.9003580093383787,0.185700393875951,0.18512215614318847,0.06392454282659558,16,10,"[128, 64]",sgd,120,2,"{'clf__batch_size': 16, 'clf__epochs': 10, 'clf__layers': [128, 64], 'clf__optimizer': 'sgd', 'preproc__n_features_to_select': 120, 'preproc__step': 2}",1.0,1.0,1.0,1.0,1.0,1.0,0.0,1,1.0,1.0,1.0,1.0,1.0,1.0,0.0,1
8.214896726608277,0.15932955466704896,0.1755201816558838,0.061582347789324365,16,20,"[64, 32]",adam,100,1,"{'clf__batch_size': 16, 'clf__epochs': 20, 'clf__layers': [64, 32], 'clf__optimizer': 'adam', 'preproc__n_features_to_select': 100, 'preproc__step': 1}",1.0,1.0,1.0,1.0,1.0,1.0,0.0,1,1.0,1.0,1.0,1.0,1.0,1.0,0.0,1
8.095993995666504,0.6980652984086999,0.17659053802490235,0.014560046549872864,16,20,"[64, 32]",adam,100,2,"{'clf__batch_size': 16, 'clf__epochs': 20, 'clf__layers': [64, 32], 'clf__optimizer': 'adam', 'preproc__n_features_to_select': 100, 'preproc__step': 2}",1.0,1.0,1.0,1.0,1.0,1.0,0.0,1,1.0,1.0,1.0,1.0,1.0,1.0,0.0,1
8.28697853088379,0.6212418811116751,0.16022849082946777,0.012419110014041543,16,20,"[64, 32]",adam,110,1,"{'clf__batch_size': 16, 'clf__epochs': 20, 'clf__layers': [64, 32], 'clf__optimizer': 'adam', 'preproc__n_features_to_select': 110, 'preproc__step': 1}",1.0,1.0,1.0,1.0,1.0,1.0,0.0,1,1.0,1.0,1.0,1.0,1.0,1.0,0.0,1
7.24320125579834,0.28097157134902434,0.15797510147094726,0.00653031055762935,16,20,"[64, 32]",adam,110,2,"{'clf__batch_size': 16, 'clf__epochs': 20, 'clf__layers': [64, 32], 'clf__optimizer': 'adam', 'preproc__n_features_to_select': 110, 'preproc__step': 2}",1.0,1.0,1.0,1.0,1.0,1.0,0.0,1,1.0,1.0,1.0,1.0,1.0,1.0,0.0,1
7.027489042282104,0.14507757299205598,0.16302118301391602,0.01434740968832266,16,20,"[64, 32]",adam,120,1,"{'clf__batch_size': 16, 'clf__epochs': 20, 'clf__layers': [64, 32], 'clf__optimizer': 'adam', 'preproc__n_features_to_select': 120, 'preproc__step': 1}",1.0,1.0,1.0,1.0,1.0,1.0,0.0,1,1.0,1.0,1.0,1.0,1.0,1.0,0.0,1
6.74680461883545,0.07275640528207415,0.1568234920501709,0.005890414592854081,16,20,"[64, 32]",adam,120,2,"{'clf__batch_size': 16, 'clf__epochs': 20, 'clf__layers': [64, 32], 'clf__optimizer': 'adam', 'preproc__n_features_to_select': 120, 'preproc__step': 2}",1.0,1.0,1.0,1.0,1.0,1.0,0.0,1,1.0,1.0,1.0,1.0,1.0,1.0,0.0,1
8.552270650863647,0.6576255997382711,0.17383546829223634,0.012674388816660151,16,20,"[64, 32]",sgd,100,1,"{'clf__batch_size': 16, 'clf__epochs': 20, 'clf__layers': [64, 32], 'clf__optimizer': 'sgd', 'preproc__n_features_to_select': 100, 'preproc__step': 1}",1.0,1.0,1.0,1.0,1.0,1.0,0.0,1,1.0,1.0,1.0,1.0,1.0,1.0,0.0,1
7.409480857849121,0.7752245048789872,0.17029123306274413,0.01508414493206463,16,20,"[64, 32]",sgd,100,2,"{'clf__batch_size': 16, 'clf__epochs': 20, 'clf__layers': [64, 32], 'clf__optimizer': 'sgd', 'preproc__n_features_to_select': 100, 'preproc__step': 2}",1.0,1.0,1.0,1.0,1.0,1.0,0.0,1,1.0,1.0,1.0,1.0,1.0,1.0,0.0,1
8.088971042633057,0.24396346694304177,0.22737936973571776,0.090456559235141,16,20,"[64, 32]",sgd,110,1,"{'clf__batch_size': 16, 'clf__epochs': 20, 'clf__layers': [64, 32], 'clf__optimizer': 'sgd', 'preproc__n_features_to_select': 110, 'preproc__step': 1}",1.0,1.0,1.0,1.0,1.0,1.0,0.0,1,1.0,1.0,1.0,1.0,1.0,1.0,0.0,1
7.0637718677520756,0.22224487964409734,0.17754974365234374,0.005766843114332646,16,20,"[64, 32]",sgd,110,2,"{'clf__batch_size': 16, 'clf__epochs': 20, 'clf__layers': [64, 32], 'clf__optimizer': 'sgd', 'preproc__n_features_to_select': 110, 'preproc__step': 2}",1.0,1.0,1.0,1.0,1.0,1.0,0.0,1,1.0,1.0,1.0,1.0,1.0,1.0,0.0,1
6.689129877090454,0.42693484347655936,0.16279687881469726,0.005428144665259878,16,20,"[64, 32]",sgd,120,1,"{'clf__batch_size': 16, 'clf__epochs': 20, 'clf__layers': [64, 32], 'clf__optimizer': 'sgd', 'preproc__n_features_to_select': 120, 'preproc__step': 1}",1.0,1.0,1.0,1.0,1.0,1.0,0.0,1,1.0,1.0,1.0,1.0,1.0,1.0,0.0,1
7.014561033248901,0.443266817373432,0.2296473503112793,0.041618877116648315,16,20,"[64, 32]",sgd,120,2,"{'clf__batch_size': 16, 'clf__epochs': 20, 'clf__layers': [64, 32], 'clf__optimizer': 'sgd', 'preproc__n_features_to_select': 120, 'preproc__step': 2}",1.0,1.0,1.0,1.0,1.0,1.0,0.0,1,1.0,1.0,1.0,1.0,1.0,1.0,0.0,1
11.133646583557129,0.5378346367103705,0.1838378429412842,0.004172930726379736,16,20,"[128, 64]",adam,100,1,"{'clf__batch_size': 16, 'clf__epochs': 20, 'clf__layers': [128, 64], 'clf__optimizer': 'adam', 'preproc__n_features_to_select': 100, 'preproc__step': 1}",1.0,1.0,1.0,1.0,1.0,1.0,0.0,1,1.0,1.0,1.0,1.0,1.0,1.0,0.0,1
10.187414455413819,0.8451408331856591,0.18363165855407715,0.00920058535737891,16,20,"[128, 64]",adam,100,2,"{'clf__batch_size': 16, 'clf__epochs': 20, 'clf__layers': [128, 64], 'clf__optimizer': 'adam', 'preproc__n_features_to_select': 100, 'preproc__step': 2}",1.0,1.0,1.0,1.0,1.0,1.0,0.0,1,1.0,1.0,1.0,1.0,1.0,1.0,0.0,1
12.010266780853271,0.6864698462141209,0.19487967491149902,0.002375556725409319,16,20,"[128, 64]",adam,110,1,"{'clf__batch_size': 16, 'clf__epochs': 20, 'clf__layers': [128, 64], 'clf__optimizer': 'adam', 'preproc__n_features_to_select': 110, 'preproc__step': 1}",1.0,1.0,1.0,1.0,1.0,1.0,0.0,1,1.0,1.0,1.0,1.0,1.0,1.0,0.0,1
10.122481489181519,0.7110326778882599,0.19892964363098145,0.01291494356566814,16,20,"[128, 64]",adam,110,2,"{'clf__batch_size': 16, 'clf__epochs': 20, 'clf__layers': [128, 64], 'clf__optimizer': 'adam', 'preproc__n_features_to_select': 110, 'preproc__step': 2}",1.0,1.0,1.0,1.0,1.0,1.0,0.0,1,1.0,1.0,1.0,1.0,1.0,1.0,0.0,1
9.612788915634155,0.2938975630714508,0.18072786331176757,0.00677968345221808,16,20,"[128, 64]",adam,120,1,"{'clf__batch_size': 16, 'clf__epochs': 20, 'clf__layers': [128, 64], 'clf__optimizer': 'adam', 'preproc__n_features_to_select': 120, 'preproc__step': 1}",1.0,1.0,1.0,1.0,1.0,1.0,0.0,1,1.0,1.0,1.0,1.0,1.0,1.0,0.0,1
8.601843786239623,0.329565479358505,0.17682271003723143,0.015618006048374624,16,20,"[128, 64]",adam,120,2,"{'clf__batch_size': 16, 'clf__epochs': 20, 'clf__layers': [128, 64], 'clf__optimizer': 'adam', 'preproc__n_features_to_select': 120, 'preproc__step': 2}",1.0,1.0,1.0,1.0,1.0,1.0,0.0,1,1.0,1.0,1.0,1.0,1.0,1.0,0.0,1
9.8605486869812,0.527225917627113,0.22322511672973633,0.08573476816769256,16,20,"[128, 64]",sgd,100,1,"{'clf__batch_size': 16, 'clf__epochs': 20, 'clf__layers': [128, 64], 'clf__optimizer': 'sgd', 'preproc__n_features_to_select': 100, 'preproc__step': 1}",1.0,1.0,1.0,1.0,1.0,1.0,0.0,1,1.0,1.0,1.0,1.0,1.0,1.0,0.0,1
8.59248881340027,0.2754037665838924,0.20386052131652832,0.03778018413906823,16,20,"[128, 64]",sgd,100,2,"{'clf__batch_size': 16, 'clf__epochs': 20, 'clf__layers': [128, 64], 'clf__optimizer': 'sgd', 'preproc__n_features_to_select': 100, 'preproc__step': 2}",1.0,1.0,1.0,1.0,1.0,1.0,0.0,1,1.0,1.0,1.0,1.0,1.0,1.0,0.0,1
9.838407421112061,0.5144085744298138,0.21003165245056152,0.021966273227243382,16,20,"[128, 64]",sgd,110,1,"{'clf__batch_size': 16, 'clf__epochs': 20, 'clf__layers': [128, 64], 'clf__optimizer': 'sgd', 'preproc__n_features_to_select': 110, 'preproc__step': 1}",1.0,1.0,1.0,1.0,1.0,1.0,0.0,1,1.0,1.0,1.0,1.0,1.0,1.0,0.0,1
8.502729034423828,0.0743738377517629,0.1898810863494873,0.024168444673234014,16,20,"[128, 64]",sgd,110,2,"{'clf__batch_size': 16, 'clf__epochs': 20, 'clf__layers': [128, 64], 'clf__optimizer': 'sgd', 'preproc__n_features_to_select': 110, 'preproc__step': 2}",1.0,1.0,1.0,1.0,1.0,1.0,0.0,1,1.0,1.0,1.0,1.0,1.0,1.0,0.0,1
8.726287889480592,0.22252967173525057,0.18248891830444336,0.012500568711743893,16,20,"[128, 64]",sgd,120,1,"{'clf__batch_size': 16, 'clf__epochs': 20, 'clf__layers': [128, 64], 'clf__optimizer': 'sgd', 'preproc__n_features_to_select': 120, 'preproc__step': 1}",1.0,1.0,1.0,1.0,1.0,1.0,0.0,1,1.0,1.0,1.0,1.0,1.0,1.0,0.0,1
8.508233165740966,0.39789540462695644,0.20192251205444336,0.01902866027256346,16,20,"[128, 64]",sgd,120,2,"{'clf__batch_size': 16, 'clf__epochs': 20, 'clf__layers': [128, 64], 'clf__optimizer': 'sgd', 'preproc__n_features_to_select': 120, 'preproc__step': 2}",1.0,1.0,1.0,1.0,1.0,1.0,0.0,1,1.0,1.0,1.0,1.0,1.0,1.0,0.0,1
4.432250070571899,0.3163581204264535,0.21736278533935546,0.11341930600542115,32,5,"[64, 32]",adam,100,1,"{'clf__batch_size': 32, 'clf__epochs': 5, 'clf__layers': [64, 32], 'clf__optimizer': 'adam', 'preproc__n_features_to_select': 100, 'preproc__step': 1}",1.0,1.0,1.0,1.0,1.0,1.0,0.0,1,1.0,1.0,1.0,1.0,1.0,1.0,0.0,1
3.2093173980712892,0.1622739865060309,0.19179325103759765,0.013462652096134436,32,5,"[64, 32]",adam,100,2,"{'clf__batch_size': 32, 'clf__epochs': 5, 'clf__layers': [64, 32], 'clf__optimizer': 'adam', 'preproc__n_features_to_select': 100, 'preproc__step': 2}",1.0,1.0,1.0,1.0,1.0,1.0,0.0,1,1.0,1.0,1.0,1.0,1.0,1.0,0.0,1
3.599752902984619,0.08467453662641951,0.19068512916564942,0.010253445591541486,32,5,"[64, 32]",adam,110,1,"{'clf__batch_size': 32, 'clf__epochs': 5, 'clf__layers': [64, 32], 'clf__optimizer': 'adam', 'preproc__n_features_to_select': 110, 'preproc__step': 1}",1.0,1.0,1.0,1.0,1.0,1.0,0.0,1,1.0,1.0,1.0,1.0,1.0,1.0,0.0,1
2.646185874938965,0.19062703729364888,0.19672689437866211,0.01868082358555446,32,5,"[64, 32]",adam,110,2,"{'clf__batch_size': 32, 'clf__epochs': 5, 'clf__layers': [64, 32], 'clf__optimizer': 'adam', 'preproc__n_features_to_select': 110, 'preproc__step': 2}",1.0,1.0,1.0,1.0,1.0,1.0,0.0,1,1.0,1.0,1.0,1.0,1.0,1.0,0.0,1
2.5484442710876465,0.16411385666289516,0.1793966293334961,0.0124732906528243,32,5,"[64, 32]",adam,120,1,"{'clf__batch_size': 32, 'clf__epochs': 5, 'clf__layers': [64, 32], 'clf__optimizer': 'adam', 'preproc__n_features_to_select': 120, 'preproc__step': 1}",1.0,1.0,1.0,1.0,1.0,1.0,0.0,1,1.0,1.0,1.0,1.0,1.0,1.0,0.0,1
2.147363567352295,0.1665514622131971,0.19570465087890626,0.017001378186594633,32,5,"[64, 32]",adam,120,2,"{'clf__batch_size': 32, 'clf__epochs': 5, 'clf__layers': [64, 32], 'clf__optimizer': 'adam', 'preproc__n_features_to_select': 120, 'preproc__step': 2}",1.0,1.0,1.0,1.0,1.0,1.0,0.0,1,1.0,1.0,1.0,1.0,1.0,1.0,0.0,1
4.537850427627563,0.08798259506686783,0.19936609268188477,0.008826010055047418,32,5,"[64, 32]",sgd,100,1,"{'clf__batch_size': 32, 'clf__epochs': 5, 'clf__layers': [64, 32], 'clf__optimizer': 'sgd', 'preproc__n_features_to_select': 100, 'preproc__step': 1}",0.366869918699187,0.37296747967479676,0.36077235772357724,0.3434959349593496,0.3648373983739837,0.36178861788617883,0.00995727537716739,206,0.27208083233117797,0.2950559850131878,0.27962062375778407,0.27560057219536965,0.28630060406436664,0.2817317234723772,0.008168207554629922,206
2.9969615936279297,0.22021361334889628,0.19278240203857422,0.0116911247081698,32,5,"[64, 32]",sgd,100,2,"{'clf__batch_size': 32, 'clf__epochs': 5, 'clf__layers': [64, 32], 'clf__optimizer': 'sgd', 'preproc__n_features_to_select': 100, 'preproc__step': 2}",0.41260162601626016,0.20630081300813008,0.5528455284552846,0.45223577235772355,0.32215447154471544,0.3892276422764228,0.1176845064976755,196,0.3575331143168845,0.15112986221983585,0.4623254547101608,0.37571374909521066,0.22458930040364036,0.3142582961491464,0.11155696372959091,197
3.171028661727905,0.08562077062872911,0.18958826065063478,0.006069851882092764,32,5,"[64, 32]",sgd,110,1,"{'clf__batch_size': 32, 'clf__epochs': 5, 'clf__layers': [64, 32], 'clf__optimizer': 'sgd', 'preproc__n_features_to_select': 110, 'preproc__step': 1}",0.5660569105691057,0.3404471544715447,0.3099593495934959,0.3363821138211382,0.3241869918699187,0.3754065040650406,0.09591601025480823,201,0.4956851965469495,0.24501858443462024,0.2662107406117765,0.27474884829928276,0.22974613886415943,0.3022819017513577,0.09798424010409862,201
2.255645513534546,0.08132048507345947,0.18096604347229003,0.006209908756967326,32,5,"[64, 32]",sgd,110,2,"{'clf__batch_size': 32, 'clf__epochs': 5, 'clf__layers': [64, 32], 'clf__optimizer': 'sgd', 'preproc__n_features_to_select': 110, 'preproc__step': 2}",0.5528455284552846,0.3790650406504065,0.4532520325203252,0.38109756097560976,0.32621951219512196,0.41849593495934967,0.07839154494074499,194,0.5036795948062864,0.31481146330757764,0.3641527850267741,0.30428989421626634,0.24445710044500696,0.34627816756038227,0.08742472136882672,194
2.2130855560302733,0.0357485106404353,0.21430296897888185,0.06515461795659451,32,5,"[64, 32]",sgd,120,1,"{'clf__batch_size': 32, 'clf__epochs': 5, 'clf__layers': [64, 32], 'clf__optimizer': 'sgd', 'preproc__n_features_to_select': 120, 'preproc__step': 1}",0.3252032520325203,0.35365853658536583,0.3119918699186992,0.43902439024390244,0.3953252032520325,0.3650406504065041,0.046736477909379494,205,0.2571873941573743,0.2896953819144032,0.22974111225121566,0.3406695736781002,0.3025505585270252,0.2839688041056237,0.03808133149867841,205
1.810211420059204,0.029382141989891246,0.18306736946105956,0.004870748000566138,32,5,"[64, 32]",sgd,120,2,"{'clf__batch_size': 32, 'clf__epochs': 5, 'clf__layers': [64, 32], 'clf__optimizer': 'sgd', 'preproc__n_features_to_select': 120, 'preproc__step': 2}",0.2530487804878049,0.39227642276422764,0.40752032520325204,0.28760162601626016,0.3130081300813008,0.3306910569105691,0.059821738185832814,210,0.16567552858934848,0.33017812071658587,0.3362308715697279,0.24933825125302198,0.26700836260752736,0.2696862269472423,0.062172172850730775,207
4.373706579208374,0.15453565511184664,0.18419466018676758,0.007217067394273088,32,5,"[128, 64]",adam,100,1,"{'clf__batch_size': 32, 'clf__epochs': 5, 'clf__layers': [128, 64], 'clf__optimizer': 'adam', 'preproc__n_features_to_select': 100, 'preproc__step': 1}",1.0,1.0,1.0,1.0,1.0,1.0,0.0,1,1.0,1.0,1.0,1.0,1.0,1.0,0.0,1
2.9879931926727297,0.11182828439314028,0.18776240348815917,0.011538805194912783,32,5,"[128, 64]",adam,100,2,"{'clf__batch_size': 32, 'clf__epochs': 5, 'clf__layers': [128, 64], 'clf__optimizer': 'adam', 'preproc__n_features_to_select': 100, 'preproc__step': 2}",1.0,1.0,1.0,1.0,1.0,1.0,0.0,1,1.0,1.0,1.0,1.0,1.0,1.0,0.0,1
3.523980665206909,0.6343950673189519,0.163299560546875,0.014817052018469133,32,5,"[128, 64]",adam,110,1,"{'clf__batch_size': 32, 'clf__epochs': 5, 'clf__layers': [128, 64], 'clf__optimizer': 'adam', 'preproc__n_features_to_select': 110, 'preproc__step': 1}",1.0,1.0,1.0,1.0,1.0,1.0,0.0,1,1.0,1.0,1.0,1.0,1.0,1.0,0.0,1
2.2430768489837645,0.04607430727592163,0.1620245933532715,0.0020226499609284493,32,5,"[128, 64]",adam,110,2,"{'clf__batch_size': 32, 'clf__epochs': 5, 'clf__layers': [128, 64], 'clf__optimizer': 'adam', 'preproc__n_features_to_select': 110, 'preproc__step': 2}",1.0,1.0,1.0,1.0,1.0,1.0,0.0,1,1.0,1.0,1.0,1.0,1.0,1.0,0.0,1
2.3845215797424317,0.24185759204501678,0.1718277931213379,0.008942744380433477,32,5,"[128, 64]",adam,120,1,"{'clf__batch_size': 32, 'clf__epochs': 5, 'clf__layers': [128, 64], 'clf__optimizer': 'adam', 'preproc__n_features_to_select': 120, 'preproc__step': 1}",1.0,1.0,1.0,1.0,1.0,1.0,0.0,1,1.0,1.0,1.0,1.0,1.0,1.0,0.0,1
1.9857157707214355,0.09049336659469866,0.17842817306518555,0.01219342228644231,32,5,"[128, 64]",adam,120,2,"{'clf__batch_size': 32, 'clf__epochs': 5, 'clf__layers': [128, 64], 'clf__optimizer': 'adam', 'preproc__n_features_to_select': 120, 'preproc__step': 2}",1.0,1.0,1.0,1.0,1.0,1.0,0.0,1,1.0,1.0,1.0,1.0,1.0,1.0,0.0,1
3.911901092529297,0.22747174041256507,0.21178760528564453,0.0722569075283001,32,5,"[128, 64]",sgd,100,1,"{'clf__batch_size': 32, 'clf__epochs': 5, 'clf__layers': [128, 64], 'clf__optimizer': 'sgd', 'preproc__n_features_to_select': 100, 'preproc__step': 1}",0.6686991869918699,0.6056910569105691,0.649390243902439,0.5579268292682927,0.4817073170731707,0.5926829268292684,0.06736018905163971,190,0.6080354239938811,0.5185398668878078,0.5774479697647767,0.5105310741228892,0.4246036807021205,0.5278316030942951,0.0631444144074498,190
2.7541818141937258,0.15593448689069883,0.17563090324401856,0.017497903316529565,32,5,"[128, 64]",sgd,100,2,"{'clf__batch_size': 32, 'clf__epochs': 5, 'clf__layers': [128, 64], 'clf__optimizer': 'sgd', 'preproc__n_features_to_select': 100, 'preproc__step': 2}",0.6128048780487805,0.7286585365853658,0.6900406504065041,0.6290650406504065,0.4634146341463415,0.6247967479674796,0.09082978351656723,188,0.5464483781367699,0.68651778391427,0.6308160890066727,0.5662981218023048,0.39929687951091863,0.5658754504741872,0.09684820003045448,188
2.9076947212219237,0.09009063761162986,0.16392006874084472,0.0037497125279498094,32,5,"[128, 64]",sgd,110,1,"{'clf__batch_size': 32, 'clf__epochs': 5, 'clf__layers': [128, 64], 'clf__optimizer': 'sgd', 'preproc__n_features_to_select': 110, 'preproc__step': 1}",0.7052845528455285,0.6890243902439024,0.4847560975609756,0.5955284552845529,0.7032520325203252,0.6355691056910568,0.08561133886229036,186,0.656968016155355,0.6256317168235667,0.44255578087946995,0.5505792713470199,0.6522378890680439,0.5855945348546912,0.08102424359546591,185
2.1105108737945555,0.07082193327685135,0.16782631874084472,0.0018683601365692042,32,5,"[128, 64]",sgd,110,2,"{'clf__batch_size': 32, 'clf__epochs': 5, 'clf__layers': [128, 64], 'clf__optimizer': 'sgd', 'preproc__n_features_to_select': 110, 'preproc__step': 2}",0.5528455284552846,0.6290650406504065,0.5741869918699187,0.5365853658536586,0.6382113821138211,0.5861788617886179,0.04064735760923937,191,0.4915652547226873,0.5749209258073622,0.4876430125396583,0.46947741393427345,0.596225227258301,0.5239663668524565,0.051295173479264496,191
2.378218746185303,0.284235647054433,0.18012356758117676,0.01317854476561363,32,5,"[128, 64]",sgd,120,1,"{'clf__batch_size': 32, 'clf__epochs': 5, 'clf__layers': [128, 64], 'clf__optimizer': 'sgd', 'preproc__n_features_to_select': 120, 'preproc__step': 1}",0.7042682926829268,0.5020325203252033,0.551829268292683,0.5995934959349594,0.6961382113821138,0.6107723577235773,0.07931257883179166,189,0.6532485955455274,0.44198973961592114,0.5266803830418136,0.55343328600237,0.6342121177300407,0.5619128243871345,0.0765038360690439,189
2.0114028453826904,0.34358053140721445,0.17656168937683106,0.020039748822710302,32,5,"[128, 64]",sgd,120,2,"{'clf__batch_size': 32, 'clf__epochs': 5, 'clf__layers': [128, 64], 'clf__optimizer': 'sgd', 'preproc__n_features_to_select': 120, 'preproc__step': 2}",0.7032520325203252,0.6758130081300813,0.6595528455284553,0.6798780487804879,0.6046747967479674,0.6646341463414634,0.03307454570212684,182,0.6461595928543491,0.6329993612777008,0.5934538268634613,0.6600325205433392,0.5286777583596408,0.6122646119796983,0.0473311322076252,181
7.41691780090332,0.19561320060693782,0.1638096809387207,0.002730908548851314,32,10,"[64, 32]",adam,100,1,"{'clf__batch_size': 32, 'clf__epochs': 10, 'clf__layers': [64, 32], 'clf__optimizer': 'adam', 'preproc__n_features_to_select': 100, 'preproc__step': 1}",1.0,1.0,1.0,1.0,1.0,1.0,0.0,1,1.0,1.0,1.0,1.0,1.0,1.0,0.0,1
5.050172281265259,0.09486797796231239,0.16111092567443847,0.004758840062094595,32,10,"[64, 32]",adam,100,2,"{'clf__batch_size': 32, 'clf__epochs': 10, 'clf__layers': [64, 32], 'clf__optimizer': 'adam', 'preproc__n_features_to_select': 100, 'preproc__step': 2}",1.0,1.0,1.0,1.0,1.0,1.0,0.0,1,1.0,1.0,1.0,1.0,1.0,1.0,0.0,1
5.846332836151123,0.13893236836540374,0.16272034645080566,0.0008956758770622117,32,10,"[64, 32]",adam,110,1,"{'clf__batch_size': 32, 'clf__epochs': 10, 'clf__layers': [64, 32], 'clf__optimizer': 'adam', 'preproc__n_features_to_select': 110, 'preproc__step': 1}",1.0,1.0,1.0,1.0,1.0,1.0,0.0,1,1.0,1.0,1.0,1.0,1.0,1.0,0.0,1
4.216994571685791,0.13623962599418724,0.16118297576904297,0.001719351860365824,32,10,"[64, 32]",adam,110,2,"{'clf__batch_size': 32, 'clf__epochs': 10, 'clf__layers': [64, 32], 'clf__optimizer': 'adam', 'preproc__n_features_to_select': 110, 'preproc__step': 2}",1.0,1.0,1.0,1.0,1.0,1.0,0.0,1,1.0,1.0,1.0,1.0,1.0,1.0,0.0,1
4.270820140838623,0.12078646460598552,0.162147855758667,0.0032067358577062936,32,10,"[64, 32]",adam,120,1,"{'clf__batch_size': 32, 'clf__epochs': 10, 'clf__layers': [64, 32], 'clf__optimizer': 'adam', 'preproc__n_features_to_select': 120, 'preproc__step': 1}",1.0,1.0,1.0,1.0,1.0,1.0,0.0,1,1.0,1.0,1.0,1.0,1.0,1.0,0.0,1
3.4235331058502196,0.08984811577466782,0.16243038177490235,0.001616882064125938,32,10,"[64, 32]",adam,120,2,"{'clf__batch_size': 32, 'clf__epochs': 10, 'clf__layers': [64, 32], 'clf__optimizer': 'adam', 'preproc__n_features_to_select': 120, 'preproc__step': 2}",1.0,1.0,1.0,1.0,1.0,1.0,0.0,1,1.0,1.0,1.0,1.0,1.0,1.0,0.0,1
7.086583805084229,0.16986816936691485,0.1617886543273926,0.002742059573879798,32,10,"[64, 32]",sgd,100,1,"{'clf__batch_size': 32, 'clf__epochs': 10, 'clf__layers': [64, 32], 'clf__optimizer': 'sgd', 'preproc__n_features_to_select': 100, 'preproc__step': 1}",0.6016260162601627,0.6239837398373984,0.6615853658536586,0.7154471544715447,0.6432926829268293,0.6491869918699187,0.038668131626231256,184,0.5419557600829114,0.5468980549579917,0.6019724546297959,0.6430604213911231,0.5771035870445443,0.5821980556212732,0.037381119379588046,186
4.796742963790893,0.1712824104161345,0.161431884765625,0.0021657549171263733,32,10,"[64, 32]",sgd,100,2,"{'clf__batch_size': 32, 'clf__epochs': 10, 'clf__layers': [64, 32], 'clf__optimizer': 'sgd', 'preproc__n_features_to_select': 100, 'preproc__step': 2}",0.7459349593495935,0.8363821138211383,0.6310975609756098,0.7022357723577236,0.6880081300813008,0.7207317073170733,0.068494427138358,171,0.6864548041299364,0.8012333256924893,0.5606503547625374,0.6629224330703738,0.61869285719272,0.6659907549696114,0.08006551803734982,171
5.490833759307861,0.12275435945432615,0.16502251625061035,0.004363843927154119,32,10,"[64, 32]",sgd,110,1,"{'clf__batch_size': 32, 'clf__epochs': 10, 'clf__layers': [64, 32], 'clf__optimizer': 'sgd', 'preproc__n_features_to_select': 110, 'preproc__step': 1}",0.7357723577235772,0.7063008130081301,0.6036585365853658,0.741869918699187,0.6432926829268293,0.6861788617886179,0.05406427653962142,178,0.6742678612545535,0.6432749838083801,0.5213585287876916,0.6920227216121476,0.5568251905130815,0.617549857195171,0.06688075726643886,179
3.9469295501708985,0.1262439789713022,0.1997082233428955,0.06996260485119084,32,10,"[64, 32]",sgd,110,2,"{'clf__batch_size': 32, 'clf__epochs': 10, 'clf__layers': [64, 32], 'clf__optimizer': 'sgd', 'preproc__n_features_to_select': 110, 'preproc__step': 2}",0.8770325203252033,0.649390243902439,0.6869918699186992,0.6229674796747967,0.7235772357723578,0.7119918699186992,0.0892658306708041,174,0.850028972263269,0.5631525759216189,0.6102633038631933,0.5642744914383199,0.6526425351393086,0.648072375725142,0.10627354982968695,175
3.9553229331970217,0.14252664749806448,0.1618131637573242,0.0033723103109675077,32,10,"[64, 32]",sgd,120,1,"{'clf__batch_size': 32, 'clf__epochs': 10, 'clf__layers': [64, 32], 'clf__optimizer': 'sgd', 'preproc__n_features_to_select': 120, 'preproc__step': 1}",0.7378048780487805,0.7073170731707317,0.7784552845528455,0.6941056910569106,0.6971544715447154,0.7229674796747968,0.03175939021890181,170,0.6716272433508458,0.6471772977869169,0.7322343505395538,0.6375952683973302,0.642074896411102,0.6661418112971498,0.035077308861050725,170
3.187048149108887,0.06836170491008302,0.16327176094055176,0.005661252735487837,32,10,"[64, 32]",sgd,120,2,"{'clf__batch_size': 32, 'clf__epochs': 10, 'clf__layers': [64, 32], 'clf__optimizer': 'sgd', 'preproc__n_features_to_select': 120, 'preproc__step': 2}",0.7601626016260162,0.48577235772357724,0.7967479674796748,0.7632113821138211,0.7936991869918699,0.7199186991869919,0.11803781948709613,172,0.7065237735584632,0.4044670795070759,0.7460116131767266,0.7097636425293724,0.7586425293888758,0.6650817276321028,0.13186142840604834,172
7.746747636795044,0.20250055359446534,0.16266908645629882,0.002710908733122138,32,10,"[128, 64]",adam,100,1,"{'clf__batch_size': 32, 'clf__epochs': 10, 'clf__layers': [128, 64], 'clf__optimizer': 'adam', 'preproc__n_features_to_select': 100, 'preproc__step': 1}",1.0,1.0,1.0,1.0,1.0,1.0,0.0,1,1.0,1.0,1.0,1.0,1.0,1.0,0.0,1
5.3422863483428955,0.17635053673261866,0.16524915695190429,0.001118344917469069,32,10,"[128, 64]",adam,100,2,"{'clf__batch_size': 32, 'clf__epochs': 10, 'clf__layers': [128, 64], 'clf__optimizer': 'adam', 'preproc__n_features_to_select': 100, 'preproc__step': 2}",1.0,1.0,1.0,1.0,1.0,1.0,0.0,1,1.0,1.0,1.0,1.0,1.0,1.0,0.0,1
6.146098470687866,0.17687624420232315,0.17682652473449706,0.020290083700335696,32,10,"[128, 64]",adam,110,1,"{'clf__batch_size': 32, 'clf__epochs': 10, 'clf__layers': [128, 64], 'clf__optimizer': 'adam', 'preproc__n_features_to_select': 110, 'preproc__step': 1}",1.0,1.0,1.0,1.0,1.0,1.0,0.0,1,1.0,1.0,1.0,1.0,1.0,1.0,0.0,1
4.544833135604859,0.19569592169745312,0.1655949592590332,0.004538203409808117,32,10,"[128, 64]",adam,110,2,"{'clf__batch_size': 32, 'clf__epochs': 10, 'clf__layers': [128, 64], 'clf__optimizer': 'adam', 'preproc__n_features_to_select': 110, 'preproc__step': 2}",1.0,1.0,1.0,1.0,1.0,1.0,0.0,1,1.0,1.0,1.0,1.0,1.0,1.0,0.0,1
4.514140367507935,0.11015051563174526,0.16717867851257323,0.005144110730626998,32,10,"[128, 64]",adam,120,1,"{'clf__batch_size': 32, 'clf__epochs': 10, 'clf__layers': [128, 64], 'clf__optimizer': 'adam', 'preproc__n_features_to_select': 120, 'preproc__step': 1}",1.0,1.0,1.0,1.0,1.0,1.0,0.0,1,1.0,1.0,1.0,1.0,1.0,1.0,0.0,1
3.7018598556518554,0.08606734672455442,0.1632302761077881,0.004277165213607541,32,10,"[128, 64]",adam,120,2,"{'clf__batch_size': 32, 'clf__epochs': 10, 'clf__layers': [128, 64], 'clf__optimizer': 'adam', 'preproc__n_features_to_select': 120, 'preproc__step': 2}",1.0,1.0,1.0,1.0,1.0,1.0,0.0,1,1.0,1.0,1.0,1.0,1.0,1.0,0.0,1
7.349072360992432,0.13277441306571236,0.16884784698486327,0.002939239921348538,32,10,"[128, 64]",sgd,100,1,"{'clf__batch_size': 32, 'clf__epochs': 10, 'clf__layers': [128, 64], 'clf__optimizer': 'sgd', 'preproc__n_features_to_select': 100, 'preproc__step': 1}",0.9695121951219512,0.948170731707317,0.9959349593495935,0.9654471544715447,0.9766260162601627,0.9711382113821138,0.015540475490744155,157,0.9629499770161651,0.9367669508215458,0.9959221672636307,0.9572261415750114,0.976603041226463,0.9658936555805632,0.019741116622210737,157
5.004630184173584,0.14560475035741258,0.16421446800231934,0.0025876625296563423,32,10,"[128, 64]",sgd,100,2,"{'clf__batch_size': 32, 'clf__epochs': 10, 'clf__layers': [128, 64], 'clf__optimizer': 'sgd', 'preproc__n_features_to_select': 100, 'preproc__step': 2}",0.9451219512195121,0.943089430894309,0.9949186991869918,0.9308943089430894,0.9827235772357723,0.9593495934959348,0.024851665163897304,161,0.9363639047397945,0.9348008737829029,0.9948417856373106,0.9118462786151932,0.9828803992437801,0.9521466484037964,0.031437330942506565,161
5.793671751022339,0.16512061036124004,0.16596407890319825,0.0038187747335196353,32,10,"[128, 64]",sgd,110,1,"{'clf__batch_size': 32, 'clf__epochs': 10, 'clf__layers': [128, 64], 'clf__optimizer': 'sgd', 'preproc__n_features_to_select': 110, 'preproc__step': 1}",0.9146341463414634,0.9237804878048781,0.9369918699186992,0.9532520325203252,0.9502032520325203,0.9357723577235773,0.014872161081241213,162,0.8946414600650894,0.9048921997982345,0.9277889367023296,0.9428243684890487,0.9400982278029972,0.9220490385715397,0.019161766473509576,162
4.677785968780517,0.29641162149541617,0.17626867294311524,0.007658233901321351,32,10,"[128, 64]",sgd,110,2,"{'clf__batch_size': 32, 'clf__epochs': 10, 'clf__layers': [128, 64], 'clf__optimizer': 'sgd', 'preproc__n_features_to_select': 110, 'preproc__step': 2}",0.9928861788617886,0.9623983739837398,0.959349593495935,0.9949186991869918,0.9613821138211383,0.9741869918699188,0.01614031032202586,155,0.9930103261055035,0.9545134704376426,0.9578098742375996,0.9948915001153251,0.9516316135794204,0.9703713568950981,0.019360794092390977,155
4.491019773483276,0.3465635857628703,0.18414688110351562,0.035283520742854915,32,10,"[128, 64]",sgd,120,1,"{'clf__batch_size': 32, 'clf__epochs': 10, 'clf__layers': [128, 64], 'clf__optimizer': 'sgd', 'preproc__n_features_to_select': 120, 'preproc__step': 1}",0.9949186991869918,0.9705284552845529,1.0,0.9878048780487805,0.9471544715447154,0.9800813008130081,0.019245724493928144,150,0.9948682199635975,0.9634019545382152,1.0,0.9877368857375103,0.9289874475543077,0.9749989015587263,0.026205511091679286,150
3.420827102661133,0.0614516276203086,0.20081005096435547,0.06910281622581999,32,10,"[128, 64]",sgd,120,2,"{'clf__batch_size': 32, 'clf__epochs': 10, 'clf__layers': [128, 64], 'clf__optimizer': 'sgd', 'preproc__n_features_to_select': 120, 'preproc__step': 2}",0.9725609756097561,0.9796747967479674,0.967479674796748,0.9939024390243902,0.9644308943089431,0.9756097560975612,0.010502447709564055,154,0.9653475448444961,0.9788910149264429,0.9600815663303005,0.9937881097560977,0.9552107585500794,0.9706637988814834,0.014010449639560744,154
9.260694932937621,0.21670029247171738,0.16673703193664552,0.004409157760151629,32,20,"[64, 32]",adam,100,1,"{'clf__batch_size': 32, 'clf__epochs': 20, 'clf__layers': [64, 32], 'clf__optimizer': 'adam', 'preproc__n_features_to_select': 100, 'preproc__step': 1}",1.0,1.0,1.0,1.0,1.0,1.0,0.0,1,1.0,1.0,1.0,1.0,1.0,1.0,0.0,1
8.178824424743652,1.4383410213357568,0.17114081382751464,0.007555272917938696,32,20,"[64, 32]",adam,100,2,"{'clf__batch_size': 32, 'clf__epochs': 20, 'clf__layers': [64, 32], 'clf__optimizer': 'adam', 'preproc__n_features_to_select': 100, 'preproc__step': 2}",1.0,1.0,1.0,1.0,1.0,1.0,0.0,1,1.0,1.0,1.0,1.0,1.0,1.0,0.0,1
7.774145221710205,0.5098574234009582,0.1649538040161133,0.003127703773082237,32,20,"[64, 32]",adam,110,1,"{'clf__batch_size': 32, 'clf__epochs': 20, 'clf__layers': [64, 32], 'clf__optimizer': 'adam', 'preproc__n_features_to_select': 110, 'preproc__step': 1}",1.0,1.0,1.0,1.0,1.0,1.0,0.0,1,1.0,1.0,1.0,1.0,1.0,1.0,0.0,1
5.946840620040893,0.08867718354247076,0.16521768569946288,0.0036188892611869767,32,20,"[64, 32]",adam,110,2,"{'clf__batch_size': 32, 'clf__epochs': 20, 'clf__layers': [64, 32], 'clf__optimizer': 'adam', 'preproc__n_features_to_select': 110, 'preproc__step': 2}",1.0,1.0,1.0,1.0,1.0,1.0,0.0,1,1.0,1.0,1.0,1.0,1.0,1.0,0.0,1
5.9483177185058596,0.11924826100015821,0.16876025199890138,0.009820271450346566,32,20,"[64, 32]",adam,120,1,"{'clf__batch_size': 32, 'clf__epochs': 20, 'clf__layers': [64, 32], 'clf__optimizer': 'adam', 'preproc__n_features_to_select': 120, 'preproc__step': 1}",1.0,1.0,1.0,1.0,1.0,1.0,0.0,1,1.0,1.0,1.0,1.0,1.0,1.0,0.0,1
5.243998432159424,0.2010175463210517,0.1635904312133789,0.000791353393828495,32,20,"[64, 32]",adam,120,2,"{'clf__batch_size': 32, 'clf__epochs': 20, 'clf__layers': [64, 32], 'clf__optimizer': 'adam', 'preproc__n_features_to_select': 120, 'preproc__step': 2}",1.0,1.0,1.0,1.0,1.0,1.0,0.0,1,1.0,1.0,1.0,1.0,1.0,1.0,0.0,1
9.069198036193848,0.216405109183061,0.16836333274841309,0.005610613188384591,32,20,"[64, 32]",sgd,100,1,"{'clf__batch_size': 32, 'clf__epochs': 20, 'clf__layers': [64, 32], 'clf__optimizer': 'sgd', 'preproc__n_features_to_select': 100, 'preproc__step': 1}",0.9989837398373984,1.0,1.0,1.0,1.0,0.9997967479674796,0.00040650406504063593,138,0.9989845877807965,1.0,1.0,1.0,1.0,0.9997969175561593,0.000406164887681415,139
6.335335302352905,0.1591907388147856,0.1987598419189453,0.06924385699774753,32,20,"[64, 32]",sgd,100,2,"{'clf__batch_size': 32, 'clf__epochs': 20, 'clf__layers': [64, 32], 'clf__optimizer': 'sgd', 'preproc__n_features_to_select': 100, 'preproc__step': 2}",1.0,1.0,1.0,1.0,1.0,1.0,0.0,1,1.0,1.0,1.0,1.0,1.0,1.0,0.0,1
7.128548192977905,0.13550697999542652,0.16326894760131835,0.003358180804641568,32,20,"[64, 32]",sgd,110,1,"{'clf__batch_size': 32, 'clf__epochs': 20, 'clf__layers': [64, 32], 'clf__optimizer': 'sgd', 'preproc__n_features_to_select': 110, 'preproc__step': 1}",1.0,1.0,1.0,1.0,1.0,1.0,0.0,1,1.0,1.0,1.0,1.0,1.0,1.0,0.0,1
5.526198434829712,0.1484559682860095,0.16202964782714843,0.002048574947448101,32,20,"[64, 32]",sgd,110,2,"{'clf__batch_size': 32, 'clf__epochs': 20, 'clf__layers': [64, 32], 'clf__optimizer': 'sgd', 'preproc__n_features_to_select': 110, 'preproc__step': 2}",1.0,1.0,0.9989837398373984,1.0,1.0,0.9997967479674796,0.000406504065040636,138,1.0,1.0,0.99898051361466,1.0,1.0,0.999796102722932,0.0004077945541359984,140
5.47166953086853,0.06410791050993554,0.18510661125183106,0.045161048323274014,32,20,"[64, 32]",sgd,120,1,"{'clf__batch_size': 32, 'clf__epochs': 20, 'clf__layers': [64, 32], 'clf__optimizer': 'sgd', 'preproc__n_features_to_select': 120, 'preproc__step': 1}",1.0,1.0,1.0,1.0,1.0,1.0,0.0,1,1.0,1.0,1.0,1.0,1.0,1.0,0.0,1
4.7038274765014645,0.018716680478674114,0.16191716194152833,0.002469011577341457,32,20,"[64, 32]",sgd,120,2,"{'clf__batch_size': 32, 'clf__epochs': 20, 'clf__layers': [64, 32], 'clf__optimizer': 'sgd', 'preproc__n_features_to_select': 120, 'preproc__step': 2}",1.0,1.0,1.0,0.9989837398373984,1.0,0.9997967479674796,0.000406504065040636,138,1.0,1.0,1.0,0.9989854044732093,1.0,0.9997970808946419,0.00040583821071629164,138
9.754379510879517,0.11649657619286266,0.2003239631652832,0.06865504045167344,32,20,"[128, 64]",adam,100,1,"{'clf__batch_size': 32, 'clf__epochs': 20, 'clf__layers': [128, 64], 'clf__optimizer': 'adam', 'preproc__n_features_to_select': 100, 'preproc__step': 1}",1.0,1.0,1.0,1.0,1.0,1.0,0.0,1,1.0,1.0,1.0,1.0,1.0,1.0,0.0,1
7.364269018173218,0.19033812639951994,0.16684374809265137,0.0022453692362773775,32,20,"[128, 64]",adam,100,2,"{'clf__batch_size': 32, 'clf__epochs': 20, 'clf__layers': [128, 64], 'clf__optimizer': 'adam', 'preproc__n_features_to_select': 100, 'preproc__step': 2}",1.0,1.0,1.0,1.0,1.0,1.0,0.0,1,1.0,1.0,1.0,1.0,1.0,1.0,0.0,1
8.224094676971436,0.23150669764054643,0.16663103103637694,0.004860047359140358,32,20,"[128, 64]",adam,110,1,"{'clf__batch_size': 32, 'clf__epochs': 20, 'clf__layers': [128, 64], 'clf__optimizer': 'adam', 'preproc__n_features_to_select': 110, 'preproc__step': 1}",1.0,1.0,1.0,1.0,1.0,1.0,0.0,1,1.0,1.0,1.0,1.0,1.0,1.0,0.0,1
6.612832975387573,0.09712083567006403,0.16905431747436522,0.005134167861703667,32,20,"[128, 64]",adam,110,2,"{'clf__batch_size': 32, 'clf__epochs': 20, 'clf__layers': [128, 64], 'clf__optimizer': 'adam', 'preproc__n_features_to_select': 110, 'preproc__step': 2}",1.0,1.0,1.0,1.0,1.0,1.0,0.0,1,1.0,1.0,1.0,1.0,1.0,1.0,0.0,1
6.680072355270386,0.10793746872660007,0.176810359954834,0.0214877749619652,32,20,"[128, 64]",adam,120,1,"{'clf__batch_size': 32, 'clf__epochs': 20, 'clf__layers': [128, 64], 'clf__optimizer': 'adam', 'preproc__n_features_to_select': 120, 'preproc__step': 1}",1.0,1.0,1.0,1.0,1.0,1.0,0.0,1,1.0,1.0,1.0,1.0,1.0,1.0,0.0,1
5.720268583297729,0.10402602996980675,0.16486310958862305,0.0008101949823106691,32,20,"[128, 64]",adam,120,2,"{'clf__batch_size': 32, 'clf__epochs': 20, 'clf__layers': [128, 64], 'clf__optimizer': 'adam', 'preproc__n_features_to_select': 120, 'preproc__step': 2}",1.0,1.0,1.0,1.0,1.0,1.0,0.0,1,1.0,1.0,1.0,1.0,1.0,1.0,0.0,1
9.124472379684448,0.16036576515337203,0.16739091873168946,0.003271091754493948,32,20,"[128, 64]",sgd,100,1,"{'clf__batch_size': 32, 'clf__epochs': 20, 'clf__layers': [128, 64], 'clf__optimizer': 'sgd', 'preproc__n_features_to_select': 100, 'preproc__step': 1}",1.0,1.0,1.0,1.0,1.0,1.0,0.0,1,1.0,1.0,1.0,1.0,1.0,1.0,0.0,1
6.780934000015259,0.15273229584051987,0.16481881141662597,0.0020715229392113533,32,20,"[128, 64]",sgd,100,2,"{'clf__batch_size': 32, 'clf__epochs': 20, 'clf__layers': [128, 64], 'clf__optimizer': 'sgd', 'preproc__n_features_to_select': 100, 'preproc__step': 2}",1.0,1.0,1.0,1.0,1.0,1.0,0.0,1,1.0,1.0,1.0,1.0,1.0,1.0,0.0,1
7.596494674682617,0.0965982933686547,0.16705245971679689,0.004231530636514106,32,20,"[128, 64]",sgd,110,1,"{'clf__batch_size': 32, 'clf__epochs': 20, 'clf__layers': [128, 64], 'clf__optimizer': 'sgd', 'preproc__n_features_to_select': 110, 'preproc__step': 1}",1.0,1.0,1.0,1.0,1.0,1.0,0.0,1,1.0,1.0,1.0,1.0,1.0,1.0,0.0,1
5.953865957260132,0.12790752871247016,0.20392370223999023,0.07571490835031487,32,20,"[128, 64]",sgd,110,2,"{'clf__batch_size': 32, 'clf__epochs': 20, 'clf__layers': [128, 64], 'clf__optimizer': 'sgd', 'preproc__n_features_to_select': 110, 'preproc__step': 2}",1.0,1.0,1.0,1.0,1.0,1.0,0.0,1,1.0,1.0,1.0,1.0,1.0,1.0,0.0,1
5.99229416847229,0.08983852384343377,0.17306580543518066,0.010007404077531295,32,20,"[128, 64]",sgd,120,1,"{'clf__batch_size': 32, 'clf__epochs': 20, 'clf__layers': [128, 64], 'clf__optimizer': 'sgd', 'preproc__n_features_to_select': 120, 'preproc__step': 1}",1.0,1.0,1.0,1.0,1.0,1.0,0.0,1,1.0,1.0,1.0,1.0,1.0,1.0,0.0,1
5.15077576637268,0.13736485201405127,0.1657766342163086,0.0025287096869580925,32,20,"[128, 64]",sgd,120,2,"{'clf__batch_size': 32, 'clf__epochs': 20, 'clf__layers': [128, 64], 'clf__optimizer': 'sgd', 'preproc__n_features_to_select': 120, 'preproc__step': 2}",1.0,1.0,1.0,1.0,1.0,1.0,0.0,1,1.0,1.0,1.0,1.0,1.0,1.0,0.0,1
6.367789649963379,0.1830696179585793,0.16328248977661133,0.0017002086321644449,64,5,"[64, 32]",adam,100,1,"{'clf__batch_size': 64, 'clf__epochs': 5, 'clf__layers': [64, 32], 'clf__optimizer': 'adam', 'preproc__n_features_to_select': 100, 'preproc__step': 1}",1.0,1.0,1.0,1.0,1.0,1.0,0.0,1,1.0,1.0,1.0,1.0,1.0,1.0,0.0,1
4.068695688247681,0.2113467181711217,0.16356163024902343,0.005419982693379011,64,5,"[64, 32]",adam,100,2,"{'clf__batch_size': 64, 'clf__epochs': 5, 'clf__layers': [64, 32], 'clf__optimizer': 'adam', 'preproc__n_features_to_select': 100, 'preproc__step': 2}",1.0,1.0,1.0,1.0,1.0,1.0,0.0,1,1.0,1.0,1.0,1.0,1.0,1.0,0.0,1
4.890467166900635,0.16461246575628785,0.17051200866699218,0.012130893904009567,64,5,"[64, 32]",adam,110,1,"{'clf__batch_size': 64, 'clf__epochs': 5, 'clf__layers': [64, 32], 'clf__optimizer': 'adam', 'preproc__n_features_to_select': 110, 'preproc__step': 1}",1.0,1.0,1.0,1.0,1.0,1.0,0.0,1,1.0,1.0,1.0,1.0,1.0,1.0,0.0,1
3.1079747676849365,0.10239890125792117,0.1664813995361328,0.004754039331490717,64,5,"[64, 32]",adam,110,2,"{'clf__batch_size': 64, 'clf__epochs': 5, 'clf__layers': [64, 32], 'clf__optimizer': 'adam', 'preproc__n_features_to_select': 110, 'preproc__step': 2}",1.0,1.0,1.0,1.0,1.0,1.0,0.0,1,1.0,1.0,1.0,1.0,1.0,1.0,0.0,1
3.0911407470703125,0.13270960289879144,0.16035981178283693,0.0012750280139468483,64,5,"[64, 32]",adam,120,1,"{'clf__batch_size': 64, 'clf__epochs': 5, 'clf__layers': [64, 32], 'clf__optimizer': 'adam', 'preproc__n_features_to_select': 120, 'preproc__step': 1}",1.0,1.0,1.0,1.0,1.0,1.0,0.0,1,1.0,1.0,1.0,1.0,1.0,1.0,0.0,1
2.1907472610473633,0.09389541042687181,0.16493849754333495,0.003992316689124619,64,5,"[64, 32]",adam,120,2,"{'clf__batch_size': 64, 'clf__epochs': 5, 'clf__layers': [64, 32], 'clf__optimizer': 'adam', 'preproc__n_features_to_select': 120, 'preproc__step': 2}",1.0,1.0,1.0,1.0,1.0,1.0,0.0,1,1.0,1.0,1.0,1.0,1.0,1.0,0.0,1
6.187154817581177,0.13253309946589495,0.1989759922027588,0.07187241964714237,64,5,"[64, 32]",sgd,100,1,"{'clf__batch_size': 64, 'clf__epochs': 5, 'clf__layers': [64, 32], 'clf__optimizer': 'sgd', 'preproc__n_features_to_select': 100, 'preproc__step': 1}",0.1402439024390244,0.17479674796747968,0.22154471544715448,0.13414634146341464,0.1565040650406504,0.16544715447154473,0.031398327670451254,214,0.07517152581304375,0.1183441776155533,0.17502060585196474,0.08913783050533121,0.10215330786137893,0.11196548952945437,0.03460581467822581,215
3.736464786529541,0.15837014768535293,0.19783506393432618,0.07218744839245582,64,5,"[64, 32]",sgd,100,2,"{'clf__batch_size': 64, 'clf__epochs': 5, 'clf__layers': [64, 32], 'clf__optimizer': 'sgd', 'preproc__n_features_to_select': 100, 'preproc__step': 2}",0.16666666666666666,0.18800813008130082,0.11077235772357724,0.15345528455284552,0.1565040650406504,0.15508130081300814,0.025244197005468844,216,0.12814844391967156,0.10333000899173785,0.08304153512344277,0.0717973492865786,0.09181617538200249,0.09562670254068664,0.019275628266059615,216
4.498829364776611,0.13104411238073752,0.16325249671936035,0.0025094548525154033,64,5,"[64, 32]",sgd,110,1,"{'clf__batch_size': 64, 'clf__epochs': 5, 'clf__layers': [64, 32], 'clf__optimizer': 'sgd', 'preproc__n_features_to_select': 110, 'preproc__step': 1}",0.24898373983739838,0.1676829268292683,0.3201219512195122,0.10873983739837398,0.20833333333333334,0.21077235772357725,0.07168085716487954,211,0.1938623411596288,0.10539377955421467,0.2090697126291884,0.04154763132646258,0.11910899458227968,0.1337964918503548,0.06132903542270493,212
2.9029891014099123,0.15944667044699265,0.17863931655883789,0.030672086695368757,64,5,"[64, 32]",sgd,110,2,"{'clf__batch_size': 64, 'clf__epochs': 5, 'clf__layers': [64, 32], 'clf__optimizer': 'sgd', 'preproc__n_features_to_select': 110, 'preproc__step': 2}",0.20934959349593496,0.17378048780487804,0.17784552845528456,0.20528455284552846,0.11585365853658537,0.1764227642276423,0.0334508635907745,213,0.13292644045812588,0.1339016474470225,0.09918695558972253,0.14091790558216571,0.06780284569844729,0.11494715895509677,0.02766939522390098,213
2.8967103481292726,0.11970244142896301,0.16410284042358397,0.007474880667456658,64,5,"[64, 32]",sgd,120,1,"{'clf__batch_size': 64, 'clf__epochs': 5, 'clf__layers': [64, 32], 'clf__optimizer': 'sgd', 'preproc__n_features_to_select': 120, 'preproc__step': 1}",0.08943089430894309,0.18902439024390244,0.2032520325203252,0.16666666666666666,0.16361788617886178,0.16239837398373982,0.039298663540185214,215,0.06632202748022199,0.12305192623560435,0.1499763934789753,0.12049758765261705,0.1078366203889002,0.11353691104726378,0.02730773134688715,214
2.0712571144104004,0.12005449112332651,0.16178932189941406,0.0023225432564630733,64,5,"[64, 32]",sgd,120,2,"{'clf__batch_size': 64, 'clf__epochs': 5, 'clf__layers': [64, 32], 'clf__optimizer': 'sgd', 'preproc__n_features_to_select': 120, 'preproc__step': 2}",0.13008130081300814,0.23577235772357724,0.22967479674796748,0.2652439024390244,0.17886178861788618,0.20792682926829267,0.0478294831872609,212,0.05269208708288818,0.14327779428588053,0.1607103788727904,0.19974973194508086,0.11342410998389266,0.13397082043410652,0.04930900273346718,211
6.414210844039917,0.23122091197874187,0.2003685474395752,0.06955305150523607,64,5,"[128, 64]",adam,100,1,"{'clf__batch_size': 64, 'clf__epochs': 5, 'clf__layers': [128, 64], 'clf__optimizer': 'adam', 'preproc__n_features_to_select': 100, 'preproc__step': 1}",1.0,1.0,1.0,1.0,1.0,1.0,0.0,1,1.0,1.0,1.0,1.0,1.0,1.0,0.0,1
3.9262807846069334,0.12533806685952736,0.16396403312683105,0.002775225491668894,64,5,"[128, 64]",adam,100,2,"{'clf__batch_size': 64, 'clf__epochs': 5, 'clf__layers': [128, 64], 'clf__optimizer': 'adam', 'preproc__n_features_to_select': 100, 'preproc__step': 2}",1.0,1.0,1.0,1.0,1.0,1.0,0.0,1,1.0,1.0,1.0,1.0,1.0,1.0,0.0,1
4.685711765289307,0.1187804343001414,0.21995582580566406,0.07123165953632632,64,5,"[128, 64]",adam,110,1,"{'clf__batch_size': 64, 'clf__epochs': 5, 'clf__layers': [128, 64], 'clf__optimizer': 'adam', 'preproc__n_features_to_select': 110, 'preproc__step': 1}",1.0,1.0,1.0,1.0,1.0,1.0,0.0,1,1.0,1.0,1.0,1.0,1.0,1.0,0.0,1
3.145619249343872,0.12002393952450867,0.16509404182434081,0.00375236761915768,64,5,"[128, 64]",adam,110,2,"{'clf__batch_size': 64, 'clf__epochs': 5, 'clf__layers': [128, 64], 'clf__optimizer': 'adam', 'preproc__n_features_to_select': 110, 'preproc__step': 2}",1.0,1.0,1.0,1.0,1.0,1.0,0.0,1,1.0,1.0,1.0,1.0,1.0,1.0,0.0,1
3.086982250213623,0.05755256448838856,0.16738977432250976,0.001985885806307787,64,5,"[128, 64]",adam,120,1,"{'clf__batch_size': 64, 'clf__epochs': 5, 'clf__layers': [128, 64], 'clf__optimizer': 'adam', 'preproc__n_features_to_select': 120, 'preproc__step': 1}",1.0,1.0,1.0,1.0,1.0,1.0,0.0,1,1.0,1.0,1.0,1.0,1.0,1.0,0.0,1
2.289432334899902,0.08843246183689896,0.16465291976928711,0.004690234627695429,64,5,"[128, 64]",adam,120,2,"{'clf__batch_size': 64, 'clf__epochs': 5, 'clf__layers': [128, 64], 'clf__optimizer': 'adam', 'preproc__n_features_to_select': 120, 'preproc__step': 2}",1.0,1.0,1.0,1.0,1.0,1.0,0.0,1,1.0,1.0,1.0,1.0,1.0,1.0,0.0,1
6.222285509109497,0.14032912052903268,0.16378369331359863,0.0033362423811689156,64,5,"[128, 64]",sgd,100,1,"{'clf__batch_size': 64, 'clf__epochs': 5, 'clf__layers': [128, 64], 'clf__optimizer': 'sgd', 'preproc__n_features_to_select': 100, 'preproc__step': 1}",0.47459349593495936,0.375,0.39939024390243905,0.2815040650406504,0.3252032520325203,0.37113821138211384,0.0658185191805174,203,0.3953222079083166,0.2882960444048195,0.3294589687040847,0.1990877531245442,0.2446023374344325,0.2913534623152395,0.06777832434002783,204
3.7853270530700684,0.15222574068420738,0.16549463272094728,0.0032410621201095814,64,5,"[128, 64]",sgd,100,2,"{'clf__batch_size': 64, 'clf__epochs': 5, 'clf__layers': [128, 64], 'clf__optimizer': 'sgd', 'preproc__n_features_to_select': 100, 'preproc__step': 2}",0.31910569105691056,0.38414634146341464,0.38414634146341464,0.4268292682926829,0.37398373983739835,0.3776422764227642,0.034478638631935,200,0.2171428069325769,0.30795617631308597,0.3294551118175652,0.3708727154659132,0.31317484601454204,0.30772033130873666,0.05038793423858195,200
4.552616119384766,0.15879075900165657,0.20149607658386232,0.0717996054294856,64,5,"[128, 64]",sgd,110,1,"{'clf__batch_size': 64, 'clf__epochs': 5, 'clf__layers': [128, 64], 'clf__optimizer': 'sgd', 'preproc__n_features_to_select': 110, 'preproc__step': 1}",0.4065040650406504,0.4481707317073171,0.4369918699186992,0.3790650406504065,0.26422764227642276,0.3869918699186992,0.06596585343809513,197,0.3396518420727414,0.38298593589689733,0.32743607226564425,0.30050126979712766,0.21212163654562152,0.3125393513156064,0.05683019193273868,198
2.9911083221435546,0.10146145252130015,0.17116646766662597,0.007797209131675021,64,5,"[128, 64]",sgd,110,2,"{'clf__batch_size': 64, 'clf__epochs': 5, 'clf__layers': [128, 64], 'clf__optimizer': 'sgd', 'preproc__n_features_to_select': 110, 'preproc__step': 2}",0.3882113821138211,0.41971544715447157,0.27235772357723576,0.3475609756097561,0.2632113821138211,0.3382113821138211,0.06195487367325188,208,0.31545391443705695,0.332773531380431,0.18614776481313133,0.27294620957676763,0.19831398941792314,0.261127081925062,0.059651811059977466,209
2.920519399642944,0.12215802964480757,0.16701340675354004,0.0033820198046304218,64,5,"[128, 64]",sgd,120,1,"{'clf__batch_size': 64, 'clf__epochs': 5, 'clf__layers': [128, 64], 'clf__optimizer': 'sgd', 'preproc__n_features_to_select': 120, 'preproc__step': 1}",0.35264227642276424,0.4613821138211382,0.4268292682926829,0.4258130081300813,0.2611788617886179,0.3855691056910569,0.07159147123357316,198,0.27329232695492695,0.4018043145917909,0.3639545482960606,0.35833097966869676,0.20969106704740648,0.3214146473117764,0.06990403919581056,196
2.1214322566986086,0.1254333887909901,0.1678645133972168,0.007922746494431603,64,5,"[128, 64]",sgd,120,2,"{'clf__batch_size': 64, 'clf__epochs': 5, 'clf__layers': [128, 64], 'clf__optimizer': 'sgd', 'preproc__n_features_to_select': 120, 'preproc__step': 2}",0.25,0.3353658536585366,0.47052845528455284,0.3485772357723577,0.44715447154471544,0.3703252032520325,0.08014575838486031,204,0.18195009604047213,0.2600020359205984,0.4024500846092848,0.27661309283421787,0.38336787371529385,0.3008766366239734,0.08188399615008796,202
6.806225347518921,0.1385801117715013,0.1616072654724121,0.0019962277839290104,64,10,"[64, 32]",adam,100,1,"{'clf__batch_size': 64, 'clf__epochs': 10, 'clf__layers': [64, 32], 'clf__optimizer': 'adam', 'preproc__n_features_to_select': 100, 'preproc__step': 1}",1.0,1.0,1.0,1.0,1.0,1.0,0.0,1,1.0,1.0,1.0,1.0,1.0,1.0,0.0,1
4.369859600067139,0.1402435207908771,0.16385488510131835,0.0026579987026833633,64,10,"[64, 32]",adam,100,2,"{'clf__batch_size': 64, 'clf__epochs': 10, 'clf__layers': [64, 32], 'clf__optimizer': 'adam', 'preproc__n_features_to_select': 100, 'preproc__step': 2}",1.0,1.0,1.0,1.0,1.0,1.0,0.0,1,1.0,1.0,1.0,1.0,1.0,1.0,0.0,1
5.155474376678467,0.19610792537330857,0.16202831268310547,0.0024595505970932572,64,10,"[64, 32]",adam,110,1,"{'clf__batch_size': 64, 'clf__epochs': 10, 'clf__layers': [64, 32], 'clf__optimizer': 'adam', 'preproc__n_features_to_select': 110, 'preproc__step': 1}",1.0,1.0,1.0,1.0,1.0,1.0,0.0,1,1.0,1.0,1.0,1.0,1.0,1.0,0.0,1
3.558958053588867,0.0929631134850166,0.16392087936401367,0.004674370809124972,64,10,"[64, 32]",adam,110,2,"{'clf__batch_size': 64, 'clf__epochs': 10, 'clf__layers': [64, 32], 'clf__optimizer': 'adam', 'preproc__n_features_to_select': 110, 'preproc__step': 2}",1.0,1.0,1.0,1.0,1.0,1.0,0.0,1,1.0,1.0,1.0,1.0,1.0,1.0,0.0,1
3.601239490509033,0.11872652771076563,0.16191835403442384,0.001383112601836141,64,10,"[64, 32]",adam,120,1,"{'clf__batch_size': 64, 'clf__epochs': 10, 'clf__layers': [64, 32], 'clf__optimizer': 'adam', 'preproc__n_features_to_select': 120, 'preproc__step': 1}",1.0,1.0,1.0,1.0,1.0,1.0,0.0,1,1.0,1.0,1.0,1.0,1.0,1.0,0.0,1
2.8267300605773924,0.16901637892428872,0.16898865699768068,0.0064724974540273685,64,10,"[64, 32]",adam,120,2,"{'clf__batch_size': 64, 'clf__epochs': 10, 'clf__layers': [64, 32], 'clf__optimizer': 'adam', 'preproc__n_features_to_select': 120, 'preproc__step': 2}",1.0,1.0,1.0,1.0,1.0,1.0,0.0,1,1.0,1.0,1.0,1.0,1.0,1.0,0.0,1
6.706700801849365,0.16964883116220694,0.16295080184936522,0.0017480862147154956,64,10,"[64, 32]",sgd,100,1,"{'clf__batch_size': 64, 'clf__epochs': 10, 'clf__layers': [64, 32], 'clf__optimizer': 'sgd', 'preproc__n_features_to_select': 100, 'preproc__step': 1}",0.42886178861788615,0.41260162601626016,0.3617886178861789,0.3241869918699187,0.39227642276422764,0.3839430894308943,0.03733646342505702,199,0.3412313327157122,0.34666319218631814,0.2964423649700006,0.24954922143810312,0.32288369398183697,0.3113539610583942,0.03553734773084777,199
4.219058561325073,0.1535281685608909,0.16280198097229004,0.0025433515249885974,64,10,"[64, 32]",sgd,100,2,"{'clf__batch_size': 64, 'clf__epochs': 10, 'clf__layers': [64, 32], 'clf__optimizer': 'sgd', 'preproc__n_features_to_select': 100, 'preproc__step': 2}",0.3404471544715447,0.4420731707317073,0.2896341463414634,0.2997967479674797,0.3089430894308943,0.33617886178861783,0.055612370974512805,209,0.28156985941490686,0.37427744878939406,0.19490068774908892,0.2220518946796623,0.23257192638892707,0.2610743634043958,0.06316502391090723,210
4.995512914657593,0.1492657996227194,0.16262874603271485,0.0017228556742972887,64,10,"[64, 32]",sgd,110,1,"{'clf__batch_size': 64, 'clf__epochs': 10, 'clf__layers': [64, 32], 'clf__optimizer': 'sgd', 'preproc__n_features_to_select': 110, 'preproc__step': 1}",0.3628048780487805,0.3201219512195122,0.37703252032520324,0.30691056910569103,0.5040650406504065,0.37418699186991866,0.06993583170697999,202,0.30955770976702357,0.24596130031916802,0.3040778453164568,0.20406216975526745,0.42284459348530445,0.297300723728644,0.07387366331826527,203
3.338902473449707,0.1039297213307658,0.16307344436645507,0.0030166052121884555,64,10,"[64, 32]",sgd,110,2,"{'clf__batch_size': 64, 'clf__epochs': 10, 'clf__layers': [64, 32], 'clf__optimizer': 'sgd', 'preproc__n_features_to_select': 110, 'preproc__step': 2}",0.5416666666666666,0.24796747967479674,0.3465447154471545,0.32215447154471544,0.3252032520325203,0.35670731707317077,0.09830971158484983,207,0.4845175502246376,0.13919469787305386,0.2528028532671685,0.21773376929166152,0.21744208822831934,0.26233819177696815,0.11715299800745738,208
3.378191614151001,0.07778967092209943,0.1642615795135498,0.0033153393808441167,64,10,"[64, 32]",sgd,120,1,"{'clf__batch_size': 64, 'clf__epochs': 10, 'clf__layers': [64, 32], 'clf__optimizer': 'sgd', 'preproc__n_features_to_select': 120, 'preproc__step': 1}",0.5101626016260162,0.35772357723577236,0.40853658536585363,0.2815040650406504,0.4695121951219512,0.40548780487804875,0.0808932875696439,195,0.4288909821527893,0.2989501442502681,0.31730554213915957,0.24378354566896693,0.3762085680502113,0.3330277564522791,0.06391766792772971,195
2.5637091159820558,0.060519298854751255,0.16267552375793456,0.002966133527534668,64,10,"[64, 32]",sgd,120,2,"{'clf__batch_size': 64, 'clf__epochs': 10, 'clf__layers': [64, 32], 'clf__optimizer': 'sgd', 'preproc__n_features_to_select': 120, 'preproc__step': 2}",0.34959349593495936,0.540650406504065,0.4410569105691057,0.4725609756097561,0.45528455284552843,0.4518292682926829,0.06148029621479121,193,0.25793948778768605,0.45372600627835447,0.3806982897385919,0.3978426045373886,0.3999719182096784,0.3780356613103399,0.06485788028152119,193
6.97820029258728,0.12603343134788184,0.19885554313659667,0.06981106754034001,64,10,"[128, 64]",adam,100,1,"{'clf__batch_size': 64, 'clf__epochs': 10, 'clf__layers': [128, 64], 'clf__optimizer': 'adam', 'preproc__n_features_to_select': 100, 'preproc__step': 1}",1.0,1.0,1.0,1.0,1.0,1.0,0.0,1,1.0,1.0,1.0,1.0,1.0,1.0,0.0,1
4.523735189437867,0.08790346218931544,0.16259889602661132,0.0029269074224960875,64,10,"[128, 64]",adam,100,2,"{'clf__batch_size': 64, 'clf__epochs': 10, 'clf__layers': [128, 64], 'clf__optimizer': 'adam', 'preproc__n_features_to_select': 100, 'preproc__step': 2}",1.0,1.0,1.0,1.0,1.0,1.0,0.0,1,1.0,1.0,1.0,1.0,1.0,1.0,0.0,1
5.361539125442505,0.20344955984896956,0.16843028068542482,0.004594947623430322,64,10,"[128, 64]",adam,110,1,"{'clf__batch_size': 64, 'clf__epochs': 10, 'clf__layers': [128, 64], 'clf__optimizer': 'adam', 'preproc__n_features_to_select': 110, 'preproc__step': 1}",1.0,1.0,1.0,1.0,1.0,1.0,0.0,1,1.0,1.0,1.0,1.0,1.0,1.0,0.0,1
3.674474859237671,0.08276543906703734,0.21656575202941894,0.1094009430920841,64,10,"[128, 64]",adam,110,2,"{'clf__batch_size': 64, 'clf__epochs': 10, 'clf__layers': [128, 64], 'clf__optimizer': 'adam', 'preproc__n_features_to_select': 110, 'preproc__step': 2}",1.0,1.0,1.0,1.0,1.0,1.0,0.0,1,1.0,1.0,1.0,1.0,1.0,1.0,0.0,1
3.70398268699646,0.12778051076248662,0.16390905380249024,0.0019655541073217444,64,10,"[128, 64]",adam,120,1,"{'clf__batch_size': 64, 'clf__epochs': 10, 'clf__layers': [128, 64], 'clf__optimizer': 'adam', 'preproc__n_features_to_select': 120, 'preproc__step': 1}",1.0,1.0,1.0,1.0,1.0,1.0,0.0,1,1.0,1.0,1.0,1.0,1.0,1.0,0.0,1
2.9258949756622314,0.10904454798840688,0.1631173610687256,0.0035919233226050606,64,10,"[128, 64]",adam,120,2,"{'clf__batch_size': 64, 'clf__epochs': 10, 'clf__layers': [128, 64], 'clf__optimizer': 'adam', 'preproc__n_features_to_select': 120, 'preproc__step': 2}",1.0,1.0,1.0,1.0,1.0,1.0,0.0,1,1.0,1.0,1.0,1.0,1.0,1.0,0.0,1
6.928158521652222,0.1644148473887172,0.16762242317199708,0.002593552062637526,64,10,"[128, 64]",sgd,100,1,"{'clf__batch_size': 64, 'clf__epochs': 10, 'clf__layers': [128, 64], 'clf__optimizer': 'sgd', 'preproc__n_features_to_select': 100, 'preproc__step': 1}",0.7042682926829268,0.5487804878048781,0.7052845528455285,0.7134146341463414,0.6717479674796748,0.6686991869918699,0.0616326390246191,181,0.6443670681466911,0.49768706053413025,0.6506506527624127,0.6417912982732983,0.6214738000492169,0.6111939759531498,0.05758988479769935,182
4.4866941452026365,0.19747754108623322,0.1646500587463379,0.002800130737336776,64,10,"[128, 64]",sgd,100,2,"{'clf__batch_size': 64, 'clf__epochs': 10, 'clf__layers': [128, 64], 'clf__optimizer': 'sgd', 'preproc__n_features_to_select': 100, 'preproc__step': 2}",0.6697154471544715,0.5985772357723578,0.6077235772357723,0.47865853658536583,0.5599593495934959,0.5829268292682926,0.06291495865010649,192,0.5946675625473079,0.5414614607744235,0.5356715891685814,0.416005110189336,0.4548317743824362,0.508527499412417,0.06431979678234444,192
5.29533429145813,0.15932631814452333,0.1697669506072998,0.009191197728372064,64,10,"[128, 64]",sgd,110,1,"{'clf__batch_size': 64, 'clf__epochs': 10, 'clf__layers': [128, 64], 'clf__optimizer': 'sgd', 'preproc__n_features_to_select': 110, 'preproc__step': 1}",0.7195121951219512,0.6229674796747967,0.6504065040650406,0.5884146341463414,0.5985772357723578,0.6359756097560976,0.04693933964370177,185,0.6886068814914548,0.552176939810846,0.6098442877292177,0.5306657610284561,0.566329495204193,0.5895246730528335,0.055906013537202315,184
3.573999547958374,0.1660343723151905,0.1661919593811035,0.0022713182389597192,64,10,"[128, 64]",sgd,110,2,"{'clf__batch_size': 64, 'clf__epochs': 10, 'clf__layers': [128, 64], 'clf__optimizer': 'sgd', 'preproc__n_features_to_select': 110, 'preproc__step': 2}",0.7489837398373984,0.676829268292683,0.6392276422764228,0.6443089430894309,0.6524390243902439,0.6723577235772357,0.040429276598025754,180,0.7047064764158268,0.611184223518324,0.5814043666256465,0.5829409112692254,0.5999807102582307,0.6160433376174507,0.04569113723820044,180
3.5610773086547853,0.05231403123671599,0.16504507064819335,0.0026244638587294413,64,10,"[128, 64]",sgd,120,1,"{'clf__batch_size': 64, 'clf__epochs': 10, 'clf__layers': [128, 64], 'clf__optimizer': 'sgd', 'preproc__n_features_to_select': 120, 'preproc__step': 1}",0.7103658536585366,0.6941056910569106,0.540650406504065,0.6626016260162602,0.556910569105691,0.6329268292682926,0.07058846817656207,187,0.6467283949821286,0.6509999674893964,0.4813443939707188,0.6211412381822611,0.4912085543590536,0.5782845097967118,0.07587939172974681,187
2.7447713375091554,0.13237788099321793,0.16395173072814942,0.0039631326704035,64,10,"[128, 64]",sgd,120,2,"{'clf__batch_size': 64, 'clf__epochs': 10, 'clf__layers': [128, 64], 'clf__optimizer': 'sgd', 'preproc__n_features_to_select': 120, 'preproc__step': 2}",0.7154471544715447,0.6280487804878049,0.6483739837398373,0.7611788617886179,0.7327235772357723,0.6971544715447153,0.05070313323920255,177,0.6712665740864854,0.5725228102666394,0.614681648388039,0.7232534012009485,0.6706397426717159,0.6504728353227657,0.05194864764705763,174
8.152602052688598,0.20938136717743264,0.16260366439819335,0.002152448696632424,64,20,"[64, 32]",adam,100,1,"{'clf__batch_size': 64, 'clf__epochs': 20, 'clf__layers': [64, 32], 'clf__optimizer': 'adam', 'preproc__n_features_to_select': 100, 'preproc__step': 1}",1.0,1.0,1.0,1.0,1.0,1.0,0.0,1,1.0,1.0,1.0,1.0,1.0,1.0,0.0,1
5.519015836715698,0.1558909375704757,0.19600090980529786,0.06930550652663486,64,20,"[64, 32]",adam,100,2,"{'clf__batch_size': 64, 'clf__epochs': 20, 'clf__layers': [64, 32], 'clf__optimizer': 'adam', 'preproc__n_features_to_select': 100, 'preproc__step': 2}",1.0,1.0,1.0,1.0,1.0,1.0,0.0,1,1.0,1.0,1.0,1.0,1.0,1.0,0.0,1
6.483932733535767,0.14133309677369457,0.16298699378967285,0.0030618866900396207,64,20,"[64, 32]",adam,110,1,"{'clf__batch_size': 64, 'clf__epochs': 20, 'clf__layers': [64, 32], 'clf__optimizer': 'adam', 'preproc__n_features_to_select': 110, 'preproc__step': 1}",1.0,1.0,1.0,1.0,1.0,1.0,0.0,1,1.0,1.0,1.0,1.0,1.0,1.0,0.0,1
4.6574290752410885,0.17998633321323784,0.16458745002746583,0.005142204667759779,64,20,"[64, 32]",adam,110,2,"{'clf__batch_size': 64, 'clf__epochs': 20, 'clf__layers': [64, 32], 'clf__optimizer': 'adam', 'preproc__n_features_to_select': 110, 'preproc__step': 2}",1.0,1.0,1.0,1.0,1.0,1.0,0.0,1,1.0,1.0,1.0,1.0,1.0,1.0,0.0,1
4.542155933380127,0.0962172527566588,0.19771246910095214,0.07130394180515824,64,20,"[64, 32]",adam,120,1,"{'clf__batch_size': 64, 'clf__epochs': 20, 'clf__layers': [64, 32], 'clf__optimizer': 'adam', 'preproc__n_features_to_select': 120, 'preproc__step': 1}",1.0,1.0,1.0,1.0,1.0,1.0,0.0,1,1.0,1.0,1.0,1.0,1.0,1.0,0.0,1
3.7501077175140383,0.11888794132458066,0.1635643482208252,0.001842884371128498,64,20,"[64, 32]",adam,120,2,"{'clf__batch_size': 64, 'clf__epochs': 20, 'clf__layers': [64, 32], 'clf__optimizer': 'adam', 'preproc__n_features_to_select': 120, 'preproc__step': 2}",1.0,1.0,1.0,1.0,1.0,1.0,0.0,1,1.0,1.0,1.0,1.0,1.0,1.0,0.0,1
7.566960239410401,0.09380661819619311,0.19915590286254883,0.0706009084975163,64,20,"[64, 32]",sgd,100,1,"{'clf__batch_size': 64, 'clf__epochs': 20, 'clf__layers': [64, 32], 'clf__optimizer': 'sgd', 'preproc__n_features_to_select': 100, 'preproc__step': 1}",0.7479674796747967,0.6829268292682927,0.8119918699186992,0.6260162601626016,0.6920731707317073,0.7121951219512195,0.06313061789436857,173,0.6969023335038077,0.6216944003091674,0.7669275704557008,0.5453062170434363,0.6356364557224092,0.6532933954069042,0.0745465759402432,173
5.056718444824218,0.17453513545131574,0.19290528297424317,0.05789870304538117,64,20,"[64, 32]",sgd,100,2,"{'clf__batch_size': 64, 'clf__epochs': 20, 'clf__layers': [64, 32], 'clf__optimizer': 'sgd', 'preproc__n_features_to_select': 100, 'preproc__step': 2}",0.7520325203252033,0.7184959349593496,0.7083333333333334,0.7225609756097561,0.5894308943089431,0.6981707317073171,0.05627916287083287,175,0.6982852584604307,0.6540854266924319,0.6411213845376759,0.6567008761823835,0.5127305628030848,0.6325847017352013,0.06292586712964332,176
5.948697233200074,0.13754085309036068,0.16425585746765137,0.005329964724344144,64,20,"[64, 32]",sgd,110,1,"{'clf__batch_size': 64, 'clf__epochs': 20, 'clf__layers': [64, 32], 'clf__optimizer': 'sgd', 'preproc__n_features_to_select': 110, 'preproc__step': 1}",0.7276422764227642,0.8252032520325203,0.7987804878048781,0.834349593495935,0.875,0.8121951219512195,0.04885411110766185,163,0.6677158295390897,0.7944918853139741,0.7578348235534171,0.7923638017809072,0.8487732724593052,0.7722359225293387,0.05981683179063152,163
4.3110236644744875,0.09597805400699409,0.16621804237365723,0.003615096754614339,64,20,"[64, 32]",sgd,110,2,"{'clf__batch_size': 64, 'clf__epochs': 20, 'clf__layers': [64, 32], 'clf__optimizer': 'sgd', 'preproc__n_features_to_select': 110, 'preproc__step': 2}",0.8038617886178862,0.7245934959349594,0.7266260162601627,0.7672764227642277,0.8495934959349594,0.774390243902439,0.04761479825803681,164,0.7522320492249479,0.6491642599226367,0.6532432673817025,0.7118957504724466,0.8282409993785665,0.71895526527606,0.0667673630946689,165
4.310653781890869,0.09362111829230012,0.16366071701049806,0.0012807157903463268,64,20,"[64, 32]",sgd,120,1,"{'clf__batch_size': 64, 'clf__epochs': 20, 'clf__layers': [64, 32], 'clf__optimizer': 'sgd', 'preproc__n_features_to_select': 120, 'preproc__step': 1}",0.6910569105691057,0.6869918699186992,0.693089430894309,0.8709349593495935,0.8221544715447154,0.7528455284552846,0.07806942054321907,167,0.6129764208208196,0.6202144354702883,0.6257526869451622,0.8439982841688728,0.7755926045846866,0.6957068863979659,0.09571739311725883,167
3.4331576347351076,0.05314574444889737,0.16618332862854004,0.004093564339271359,64,20,"[64, 32]",sgd,120,2,"{'clf__batch_size': 64, 'clf__epochs': 20, 'clf__layers': [64, 32], 'clf__optimizer': 'sgd', 'preproc__n_features_to_select': 120, 'preproc__step': 2}",0.8140243902439024,0.8313008130081301,0.7672764227642277,0.6880081300813008,0.7601626016260162,0.7721544715447155,0.04999917376539889,165,0.7679144184399436,0.7845162123724354,0.7255977370322553,0.6272961235931342,0.7167767071412215,0.7244202397157979,0.05476526916795493,164
8.142236995697022,0.1330295841249164,0.1699625015258789,0.008786661718697231,64,20,"[128, 64]",adam,100,1,"{'clf__batch_size': 64, 'clf__epochs': 20, 'clf__layers': [128, 64], 'clf__optimizer': 'adam', 'preproc__n_features_to_select': 100, 'preproc__step': 1}",1.0,1.0,1.0,1.0,1.0,1.0,0.0,1,1.0,1.0,1.0,1.0,1.0,1.0,0.0,1
5.689376163482666,0.086888282016521,0.16433959007263182,0.0011667618154105784,64,20,"[128, 64]",adam,100,2,"{'clf__batch_size': 64, 'clf__epochs': 20, 'clf__layers': [128, 64], 'clf__optimizer': 'adam', 'preproc__n_features_to_select': 100, 'preproc__step': 2}",1.0,1.0,1.0,1.0,1.0,1.0,0.0,1,1.0,1.0,1.0,1.0,1.0,1.0,0.0,1
6.480203628540039,0.16004790495618137,0.20188636779785157,0.07974393786653927,64,20,"[128, 64]",adam,110,1,"{'clf__batch_size': 64, 'clf__epochs': 20, 'clf__layers': [128, 64], 'clf__optimizer': 'adam', 'preproc__n_features_to_select': 110, 'preproc__step': 1}",1.0,1.0,1.0,1.0,1.0,1.0,0.0,1,1.0,1.0,1.0,1.0,1.0,1.0,0.0,1
4.885369110107422,0.1559127911365602,0.1733567237854004,0.009211834079548854,64,20,"[128, 64]",adam,110,2,"{'clf__batch_size': 64, 'clf__epochs': 20, 'clf__layers': [128, 64], 'clf__optimizer': 'adam', 'preproc__n_features_to_select': 110, 'preproc__step': 2}",1.0,1.0,1.0,1.0,1.0,1.0,0.0,1,1.0,1.0,1.0,1.0,1.0,1.0,0.0,1
4.81663761138916,0.07291385864647591,0.16521306037902833,0.0006600751116793617,64,20,"[128, 64]",adam,120,1,"{'clf__batch_size': 64, 'clf__epochs': 20, 'clf__layers': [128, 64], 'clf__optimizer': 'adam', 'preproc__n_features_to_select': 120, 'preproc__step': 1}",1.0,1.0,1.0,1.0,1.0,1.0,0.0,1,1.0,1.0,1.0,1.0,1.0,1.0,0.0,1
4.055446004867553,0.12103232337574818,0.16656146049499512,0.0015930270711640615,64,20,"[128, 64]",adam,120,2,"{'clf__batch_size': 64, 'clf__epochs': 20, 'clf__layers': [128, 64], 'clf__optimizer': 'adam', 'preproc__n_features_to_select': 120, 'preproc__step': 2}",1.0,1.0,1.0,1.0,1.0,1.0,0.0,1,1.0,1.0,1.0,1.0,1.0,1.0,0.0,1
7.867795991897583,0.14637425095726853,0.16449456214904784,0.0031304734889478704,64,20,"[128, 64]",sgd,100,1,"{'clf__batch_size': 64, 'clf__epochs': 20, 'clf__layers': [128, 64], 'clf__optimizer': 'sgd', 'preproc__n_features_to_select': 100, 'preproc__step': 1}",0.9878048780487805,0.9410569105691057,0.9939024390243902,0.9380081300813008,0.9603658536585366,0.9642276422764228,0.023133260244204146,160,0.9878278973011394,0.9270157105548865,0.9939305157102536,0.9225269756765782,0.9525771335925045,0.9567756465670725,0.02973543117935465,160
5.4897716522216795,0.27947071792257655,0.16891765594482422,0.008647664398304347,64,20,"[128, 64]",sgd,100,2,"{'clf__batch_size': 64, 'clf__epochs': 20, 'clf__layers': [128, 64], 'clf__optimizer': 'sgd', 'preproc__n_features_to_select': 100, 'preproc__step': 2}",0.9735772357723578,0.9085365853658537,0.9878048780487805,0.9898373983739838,0.9898373983739838,0.9699186991869919,0.03128761204047781,158,0.9703048069557223,0.8906406204488296,0.9873083176900755,0.9898325350133907,0.9899930716656422,0.9656158703547322,0.03819563139218894,158
6.127075338363648,0.14597218999781109,0.16487159729003906,0.0026362420939650463,64,20,"[128, 64]",sgd,110,1,"{'clf__batch_size': 64, 'clf__epochs': 20, 'clf__layers': [128, 64], 'clf__optimizer': 'sgd', 'preproc__n_features_to_select': 110, 'preproc__step': 1}",0.9908536585365854,0.9603658536585366,1.0,0.9684959349593496,0.9654471544715447,0.9770325203252034,0.015513869623789747,152,0.9907291539213932,0.9510783566793908,1.0,0.95976413030171,0.9570583746485688,0.9717260031102125,0.019723537561928513,153
4.563708686828614,0.15505095011817113,0.166892671585083,0.0021335447705750936,64,20,"[128, 64]",sgd,110,2,"{'clf__batch_size': 64, 'clf__epochs': 20, 'clf__layers': [128, 64], 'clf__optimizer': 'sgd', 'preproc__n_features_to_select': 110, 'preproc__step': 2}",0.975609756097561,0.9806910569105691,0.9715447154471545,0.991869918699187,0.9949186991869918,0.9829268292682926,0.009076062423482138,148,0.9750896358858363,0.9765757732359209,0.9720642486169608,0.9919024501708932,0.994862958721733,0.9820990133262688,0.009374003755004303,148
4.542145252227783,0.08325645924378841,0.16555800437927246,0.0025375546628143768,64,20,"[128, 64]",sgd,120,1,"{'clf__batch_size': 64, 'clf__epochs': 20, 'clf__layers': [128, 64], 'clf__optimizer': 'sgd', 'preproc__n_features_to_select': 120, 'preproc__step': 1}",0.9979674796747967,0.9491869918699187,0.9979674796747967,0.9817073170731707,0.9583333333333334,0.9770325203252032,0.020116817937656264,153,0.9979711135887899,0.9417447858969796,0.9979759485094852,0.9816924131236219,0.9500534892852763,0.9738875500808305,0.023758807211647127,152
3.743454360961914,0.04844403635398362,0.17661123275756835,0.022896050740461135,64,20,"[128, 64]",sgd,120,2,"{'clf__batch_size': 64, 'clf__epochs': 20, 'clf__layers': [128, 64], 'clf__optimizer': 'sgd', 'preproc__n_features_to_select': 120, 'preproc__step': 2}",0.9623983739837398,0.9969512195121951,0.9502032520325203,0.9949186991869918,0.9979674796747967,0.9804878048780488,0.020145547468884323,149,0.9615186540313058,0.9969281810336662,0.940833918789927,0.9948785870593617,0.9979674796747968,0.9784253641178114,0.023211680969792124,149
