mean_fit_time,std_fit_time,mean_score_time,std_score_time,param_clf__max_depth,param_clf__max_features,param_clf__min_samples_leaf,param_clf__min_samples_split,param_clf__n_estimators,params,split0_test_accuracy,split1_test_accuracy,split2_test_accuracy,split3_test_accuracy,split4_test_accuracy,mean_test_accuracy,std_test_accuracy,rank_test_accuracy,split0_test_f1,split1_test_f1,split2_test_f1,split3_test_f1,split4_test_f1,mean_test_f1,std_test_f1,rank_test_f1
0.02056584358215332,0.0014976934009777872,0.006588554382324219,0.000488540382281226,5,sqrt,1,2,10,"{'clf__max_depth': 5, 'clf__max_features': 'sqrt', 'clf__min_samples_leaf': 1, 'clf__min_samples_split': 2, 'clf__n_estimators': 10}",0.6646341463414634,0.6565040650406504,0.6666666666666666,0.6585365853658537,0.7804878048780488,0.6853658536585365,0.04770840883028749,211,0.658116596709457,0.6583965815210505,0.6531636620714034,0.6232645403377112,0.7605321507760532,0.670694706283135,0.04677002736559715,210
0.07010316848754883,0.001386399506900171,0.009043645858764649,0.0006272956272577849,5,sqrt,1,2,50,"{'clf__max_depth': 5, 'clf__max_features': 'sqrt', 'clf__min_samples_leaf': 1, 'clf__min_samples_split': 2, 'clf__n_estimators': 50}",0.975609756097561,0.9766260162601627,0.9634146341463414,0.9512195121951219,1.0,0.9733739837398374,0.01621436640258468,181,0.9755479399373135,0.9778893648263024,0.9586786852303,0.9349593495934959,1.0,0.9694150679174823,0.02166716564865006,182
0.15030736923217775,0.01575378512254631,0.01202535629272461,0.0020853315987239005,5,sqrt,1,2,100,"{'clf__max_depth': 5, 'clf__max_features': 'sqrt', 'clf__min_samples_leaf': 1, 'clf__min_samples_split': 2, 'clf__n_estimators': 100}",0.9928861788617886,1.0,0.9898373983739838,1.0,1.0,0.9965447154471544,0.004340275712207836,142,0.9929902480610483,1.0,0.9898703067788791,1.0,1.0,0.9965721109679855,0.004312660221270221,142
0.020730113983154295,0.0014819546208085916,0.007602977752685547,0.000502549795344025,5,sqrt,1,5,10,"{'clf__max_depth': 5, 'clf__max_features': 'sqrt', 'clf__min_samples_leaf': 1, 'clf__min_samples_split': 5, 'clf__n_estimators': 10}",0.7754065040650406,0.6321138211382114,0.6747967479674797,0.6341463414634146,0.6341463414634146,0.6701219512195122,0.05502689840330965,213,0.7569112291759477,0.621111927417588,0.6293963888505606,0.6126255380200861,0.612625538020086,0.6465341242968536,0.05553859882723685,213
0.07374258041381836,0.0027390521339910536,0.009587669372558593,0.00048644961908406837,5,sqrt,1,5,50,"{'clf__max_depth': 5, 'clf__max_features': 'sqrt', 'clf__min_samples_leaf': 1, 'clf__min_samples_split': 5, 'clf__n_estimators': 50}",0.9796747967479674,0.9654471544715447,0.9949186991869918,1.0,0.9512195121951219,0.9782520325203251,0.018152124846964317,179,0.9803478312788555,0.9631964910802214,0.9949350218190207,1.0,0.9349593495934959,0.9746877387543187,0.023635115259627287,179
0.1340158462524414,0.004380559458011047,0.010778045654296875,0.0007317510403685046,5,sqrt,1,5,100,"{'clf__max_depth': 5, 'clf__max_features': 'sqrt', 'clf__min_samples_leaf': 1, 'clf__min_samples_split': 5, 'clf__n_estimators': 100}",0.9959349593495935,0.9898373983739838,0.9979674796747967,1.0,1.0,0.9967479674796749,0.0037697636160551502,139,0.996002936617995,0.9898193761879097,0.9979665971214641,1.0,1.0,0.9967577819854737,0.003773498532685834,139
0.018442249298095702,0.0007873704554062529,0.006879949569702148,0.0006917208549161801,5,sqrt,1,10,10,"{'clf__max_depth': 5, 'clf__max_features': 'sqrt', 'clf__min_samples_leaf': 1, 'clf__min_samples_split': 10, 'clf__n_estimators': 10}",0.6808943089430894,0.6920731707317073,0.6869918699186992,0.5853658536585366,0.7560975609756098,0.6802845528455285,0.05466535113500567,212,0.6507400734853604,0.6692293101930896,0.6463799155059238,0.5475848876135819,0.7203252032520324,0.6468518780099977,0.056157555481435764,212
0.07025327682495117,0.0013599792213198417,0.00896906852722168,3.291661853212802e-05,5,sqrt,1,10,50,"{'clf__max_depth': 5, 'clf__max_features': 'sqrt', 'clf__min_samples_leaf': 1, 'clf__min_samples_split': 10, 'clf__n_estimators': 50}",0.9806910569105691,0.9786585365853658,0.9928861788617886,1.0,0.9512195121951219,0.9806910569105691,0.016698858460523377,174,0.9809638544312642,0.978607577242497,0.9928244468519115,1.0,0.9390243902439024,0.9782840537539151,0.021126346256958486,174
0.13113102912902833,0.0020730766861659635,0.011139917373657226,0.0004271002609990281,5,sqrt,1,10,100,"{'clf__max_depth': 5, 'clf__max_features': 'sqrt', 'clf__min_samples_leaf': 1, 'clf__min_samples_split': 10, 'clf__n_estimators': 100}",0.9928861788617886,0.9928861788617886,0.9979674796747967,1.0,1.0,0.9967479674796749,0.0032393043598595815,139,0.9928740724420902,0.9928269035785727,0.9979670383981304,1.0,1.0,0.9967336028837586,0.0032563273208139976,140
0.019558191299438477,0.001463888623426382,0.006509113311767578,0.0004472711803005906,5,sqrt,2,2,10,"{'clf__max_depth': 5, 'clf__max_features': 'sqrt', 'clf__min_samples_leaf': 2, 'clf__min_samples_split': 2, 'clf__n_estimators': 10}",0.8099593495934959,0.7042682926829268,0.681910569105691,0.8048780487804879,0.8048780487804879,0.7611788617886178,0.05607325383600008,205,0.794661222789654,0.6999693613558684,0.6699237591954625,0.7728222996515679,0.7723577235772358,0.7419468733139578,0.0481795701172766,204
0.06848173141479492,0.0015361694993909904,0.008984899520874024,0.000603048219040743,5,sqrt,2,2,50,"{'clf__max_depth': 5, 'clf__max_features': 'sqrt', 'clf__min_samples_leaf': 2, 'clf__min_samples_split': 2, 'clf__n_estimators': 50}",0.9776422764227642,0.983739837398374,0.967479674796748,1.0,1.0,0.9857723577235772,0.012725590115852446,172,0.9777691137864754,0.9840131188117862,0.9594420152503781,1.0,1.0,0.984244849569728,0.015189594948600815,172
0.13391332626342772,0.0016361194464010536,0.010810422897338866,0.000710110586864543,5,sqrt,2,2,100,"{'clf__max_depth': 5, 'clf__max_features': 'sqrt', 'clf__min_samples_leaf': 2, 'clf__min_samples_split': 2, 'clf__n_estimators': 100}",0.9735772357723578,0.9928861788617886,0.9939024390243902,1.0,1.0,0.9920731707317074,0.009713661093779268,160,0.9681355194822852,0.9927925869031257,0.9939251565340381,1.0,1.0,0.9909706525838897,0.011802966335160696,162
0.018366336822509766,0.0005672254691925402,0.0063934803009033205,0.0004820104445358509,5,sqrt,2,5,10,"{'clf__max_depth': 5, 'clf__max_features': 'sqrt', 'clf__min_samples_leaf': 2, 'clf__min_samples_split': 5, 'clf__n_estimators': 10}",0.5741869918699187,0.6707317073170732,0.7327235772357723,0.6341463414634146,0.7317073170731707,0.6686991869918699,0.06033196880958064,214,0.5524579389181317,0.6687760961650532,0.693293392384241,0.5967479674796748,0.6995565410199557,0.6421663871934113,0.05783790378086793,214
0.06911988258361816,0.0010996297073472183,0.008500099182128906,0.0004955780078284037,5,sqrt,2,5,50,"{'clf__max_depth': 5, 'clf__max_features': 'sqrt', 'clf__min_samples_leaf': 2, 'clf__min_samples_split': 5, 'clf__n_estimators': 50}",0.9898373983739838,0.9817073170731707,0.9817073170731707,0.9512195121951219,0.9512195121951219,0.9711382113821138,0.016532275941189254,184,0.9898832026933829,0.9813265885397358,0.982240119592266,0.9349593495934959,0.9349593495934959,0.9646737220024753,0.024443003335166028,184
0.13416509628295897,0.0024040381478871637,0.010787200927734376,0.0011416227611903106,5,sqrt,2,5,100,"{'clf__max_depth': 5, 'clf__max_features': 'sqrt', 'clf__min_samples_leaf': 2, 'clf__min_samples_split': 5, 'clf__n_estimators': 100}",0.9827235772357723,0.9898373983739838,0.9959349593495935,1.0,1.0,0.99369918699187,0.006629880662723631,158,0.9822851532981345,0.9898755306686173,0.9959038228680159,1.0,1.0,0.9936129013669536,0.006769404630659536,158
0.018746042251586915,0.0007425921733487477,0.006402397155761718,0.0004922986213879815,5,sqrt,2,10,10,"{'clf__max_depth': 5, 'clf__max_features': 'sqrt', 'clf__min_samples_leaf': 2, 'clf__min_samples_split': 10, 'clf__n_estimators': 10}",0.7276422764227642,0.7367886178861789,0.5995934959349594,0.6097560975609756,0.7560975609756098,0.6859756097560975,0.06709164564480571,210,0.7157865121203324,0.7302692573580181,0.5822416455582933,0.580105212816834,0.724390243902439,0.6665585743511834,0.06987198464469208,211
0.0681269645690918,0.0010402884003090137,0.008739137649536132,0.0006417916674375109,5,sqrt,2,10,50,"{'clf__max_depth': 5, 'clf__max_features': 'sqrt', 'clf__min_samples_leaf': 2, 'clf__min_samples_split': 10, 'clf__n_estimators': 50}",0.9654471544715447,0.9349593495934959,0.9857723577235772,0.975609756097561,1.0,0.9723577235772357,0.021913547921859438,183,0.9589754466106534,0.925329027461589,0.9856644798446109,0.967479674796748,1.0,0.9674897257427203,0.025445066903667556,183
0.13427581787109374,0.0024747914459346447,0.010751962661743164,0.0006759109109972806,5,sqrt,2,10,100,"{'clf__max_depth': 5, 'clf__max_features': 'sqrt', 'clf__min_samples_leaf': 2, 'clf__min_samples_split': 10, 'clf__n_estimators': 100}",0.9908536585365854,0.9969512195121951,0.9939024390243902,1.0,1.0,0.9963414634146341,0.00355545847246665,146,0.9907908484354125,0.9969392635102822,0.9938759578197833,1.0,1.0,0.9963212139530956,0.0035780759949898943,146
0.01862506866455078,0.0006096961630183838,0.006616544723510742,0.0005460668975440654,5,sqrt,4,2,10,"{'clf__max_depth': 5, 'clf__max_features': 'sqrt', 'clf__min_samples_leaf': 4, 'clf__min_samples_split': 2, 'clf__n_estimators': 10}",0.6229674796747967,0.625,0.725609756097561,0.6585365853658537,0.6829268292682927,0.6630081300813009,0.038428074389895664,215,0.5957896751762857,0.6033307946986531,0.6886851727654051,0.6097560975609756,0.6617886178861789,0.6318700716174996,0.03668347942127687,215
0.07013888359069824,0.0009094898683736208,0.008354711532592773,0.00048511427097628257,5,sqrt,4,2,50,"{'clf__max_depth': 5, 'clf__max_features': 'sqrt', 'clf__min_samples_leaf': 4, 'clf__min_samples_split': 2, 'clf__n_estimators': 50}",0.9796747967479674,0.9735772357723578,0.9898373983739838,0.975609756097561,0.975609756097561,0.9788617886178862,0.005834430932685908,176,0.9796632160566838,0.9739821082248475,0.9898156020875624,0.967479674796748,0.967479674796748,0.975684055192518,0.00840303133003203,178
0.13228201866149902,0.0010040767071573785,0.010965538024902344,0.0005410755595030888,5,sqrt,4,2,100,"{'clf__max_depth': 5, 'clf__max_features': 'sqrt', 'clf__min_samples_leaf': 4, 'clf__min_samples_split': 2, 'clf__n_estimators': 100}",0.9979674796747967,0.9888211382113821,0.9959349593495935,1.0,1.0,0.9965447154471544,0.004145544319994148,142,0.9979639448568399,0.9887414857422974,0.9959548167995792,1.0,1.0,0.9965320494797434,0.004174440487229519,144
0.02007322311401367,0.0008163770692840468,0.006579446792602539,0.0005107477881334091,5,sqrt,4,5,10,"{'clf__max_depth': 5, 'clf__max_features': 'sqrt', 'clf__min_samples_leaf': 4, 'clf__min_samples_split': 5, 'clf__n_estimators': 10}",0.6849593495934959,0.6626016260162602,0.5955284552845529,0.6585365853658537,0.6341463414634146,0.6471544715447155,0.03043627080867459,216,0.6747731374178704,0.6524757318095973,0.5547040057656566,0.6135084427767354,0.5929152148664344,0.6176753065272589,0.04258413203159251,216
0.06974267959594727,0.0010544859760004196,0.008509159088134766,0.000638734738019915,5,sqrt,4,5,50,"{'clf__max_depth': 5, 'clf__max_features': 'sqrt', 'clf__min_samples_leaf': 4, 'clf__min_samples_split': 5, 'clf__n_estimators': 50}",0.9908536585365854,0.9878048780487805,0.991869918699187,0.975609756097561,1.0,0.9892276422764226,0.007913789566638942,167,0.9909125102035268,0.9877364771641045,0.9918761079937943,0.967479674796748,1.0,0.9876009540316348,0.010843098553209946,168
0.1335463523864746,0.002096101003042757,0.010784912109375,0.00039548079931358047,5,sqrt,4,5,100,"{'clf__max_depth': 5, 'clf__max_features': 'sqrt', 'clf__min_samples_leaf': 4, 'clf__min_samples_split': 5, 'clf__n_estimators': 100}",0.991869918699187,0.9969512195121951,0.9979674796747967,1.0,1.0,0.9973577235772357,0.002987182613150232,134,0.9918344222055782,0.9969392635102822,0.9979639448568399,1.0,1.0,0.9973475261145399,0.003000406657671552,134
0.01893143653869629,0.0011417757013073551,0.006224393844604492,0.0003729897244448088,5,sqrt,4,10,10,"{'clf__max_depth': 5, 'clf__max_features': 'sqrt', 'clf__min_samples_leaf': 4, 'clf__min_samples_split': 10, 'clf__n_estimators': 10}",0.709349593495935,0.676829268292683,0.7327235772357723,0.7804878048780488,0.7073170731707317,0.7213414634146341,0.03449540898142566,209,0.7011330143136105,0.6654473290121131,0.7086261625137406,0.7493224932249322,0.686411149825784,0.7021880297780361,0.027795716536827667,207
0.06969118118286133,0.0013243740162937824,0.008575534820556641,0.0004689399654764113,5,sqrt,4,10,50,"{'clf__max_depth': 5, 'clf__max_features': 'sqrt', 'clf__min_samples_leaf': 4, 'clf__min_samples_split': 10, 'clf__n_estimators': 50}",0.9878048780487805,0.9725609756097561,0.9857723577235772,1.0,1.0,0.9892276422764228,0.01023551082277576,166,0.9877502084214287,0.9732416459182927,0.9858660304445779,1.0,1.0,0.9893715769568597,0.01001018601579708,164
0.13300642967224122,0.0010627670225340153,0.010819816589355468,0.0011723486079425445,5,sqrt,4,10,100,"{'clf__max_depth': 5, 'clf__max_features': 'sqrt', 'clf__min_samples_leaf': 4, 'clf__min_samples_split': 10, 'clf__n_estimators': 100}",1.0,0.9908536585365854,0.9939024390243902,1.0,1.0,0.996951219512195,0.0038564361709370514,136,1.0,0.9908097408590204,0.9938398774143803,1.0,1.0,0.9969299236546801,0.0038802352897152593,138
0.0173797607421875,0.0004461475595085718,0.006779146194458008,0.0003395831702753285,5,log2,1,2,10,"{'clf__max_depth': 5, 'clf__max_features': 'log2', 'clf__min_samples_leaf': 1, 'clf__min_samples_split': 2, 'clf__n_estimators': 10}",0.7388211382113821,0.7997967479674797,0.7306910569105691,0.7073170731707317,0.6829268292682927,0.7319105691056911,0.039145940444889366,206,0.7251292363323487,0.7934175287214168,0.6968501658508348,0.6785490931832394,0.653890824622532,0.7095673697420743,0.04795155739822151,206
0.0627370834350586,0.0005866596487707409,0.008821201324462891,0.000754960077172653,5,log2,1,2,50,"{'clf__max_depth': 5, 'clf__max_features': 'log2', 'clf__min_samples_leaf': 1, 'clf__min_samples_split': 2, 'clf__n_estimators': 50}",0.9827235772357723,0.9898373983739838,0.983739837398374,1.0,1.0,0.9912601626016262,0.007539527232110334,162,0.9830832850493274,0.989883202693383,0.9843823118782793,1.0,1.0,0.991469759924198,0.00732955709410495,160
0.13566999435424804,0.01552831553858883,0.011444091796875,0.0007788358383417106,5,log2,1,2,100,"{'clf__max_depth': 5, 'clf__max_features': 'log2', 'clf__min_samples_leaf': 1, 'clf__min_samples_split': 2, 'clf__n_estimators': 100}",1.0,0.9949186991869918,1.0,1.0,1.0,0.9989837398373984,0.0020325203252032687,110,1.0,0.9950125719468844,1.0,1.0,1.0,0.9990025143893769,0.001994971221246233,110
0.020538949966430665,0.0008900435344225589,0.007841873168945312,0.0002825345026021304,5,log2,1,5,10,"{'clf__max_depth': 5, 'clf__max_features': 'log2', 'clf__min_samples_leaf': 1, 'clf__min_samples_split': 5, 'clf__n_estimators': 10}",0.7489837398373984,0.6707317073170732,0.7378048780487805,0.7073170731707317,0.7560975609756098,0.7241869918699188,0.031498163622456124,208,0.7492593958990053,0.65712494942217,0.7056610467934962,0.6593495934959349,0.709349593495935,0.6961489158213083,0.03453265613274682,209
0.06655821800231934,0.006263568952766239,0.008842372894287109,0.0004365828578948577,5,log2,1,5,50,"{'clf__max_depth': 5, 'clf__max_features': 'log2', 'clf__min_samples_leaf': 1, 'clf__min_samples_split': 5, 'clf__n_estimators': 50}",0.9959349593495935,0.991869918699187,0.9969512195121951,1.0,0.975609756097561,0.9920731707317074,0.008632829504713549,160,0.9959278897136797,0.9919518354571666,0.9969273330143863,1.0,0.967479674796748,0.9904573465963962,0.011773331716346567,163
0.11926698684692383,0.0017886786601239786,0.01119856834411621,0.0004003271984989863,5,log2,1,5,100,"{'clf__max_depth': 5, 'clf__max_features': 'log2', 'clf__min_samples_leaf': 1, 'clf__min_samples_split': 5, 'clf__n_estimators': 100}",1.0,1.0,0.9949186991869918,1.0,1.0,0.9989837398373984,0.0020325203252032687,110,1.0,1.0,0.9949257710349318,1.0,1.0,0.9989851542069864,0.0020296915860272603,111
0.017525720596313476,0.0005920188900595968,0.007157325744628906,0.0004237306027443523,5,log2,1,10,10,"{'clf__max_depth': 5, 'clf__max_features': 'log2', 'clf__min_samples_leaf': 1, 'clf__min_samples_split': 10, 'clf__n_estimators': 10}",0.7449186991869918,0.7347560975609756,0.7876016260162602,0.6585365853658537,0.7317073170731707,0.7315040650406504,0.04162153018255406,207,0.7163545446659395,0.7204256210318147,0.7564391101272782,0.6060606060606061,0.6954915003695492,0.6989542764510375,0.050417296420253825,208
0.06339621543884277,0.0024408385894624587,0.008696889877319336,0.0007617713151367969,5,log2,1,10,50,"{'clf__max_depth': 5, 'clf__max_features': 'log2', 'clf__min_samples_leaf': 1, 'clf__min_samples_split': 10, 'clf__n_estimators': 50}",0.9867886178861789,0.9776422764227642,0.9928861788617886,0.975609756097561,1.0,0.9865853658536585,0.009166644133154218,171,0.9864984830751165,0.9776134622363357,0.9930212389401358,0.967479674796748,1.0,0.9849225718096672,0.011428722460534389,171
0.11966733932495117,0.0027302330812736106,0.011086797714233399,0.0009356906385466923,5,log2,1,10,100,"{'clf__max_depth': 5, 'clf__max_features': 'log2', 'clf__min_samples_leaf': 1, 'clf__min_samples_split': 10, 'clf__n_estimators': 100}",0.9949186991869918,0.9928861788617886,1.0,1.0,1.0,0.9975609756097562,0.0030555480443847354,132,0.9950125719468844,0.9927210748167674,1.0,1.0,1.0,0.9975467293527304,0.0030907767976457957,133
0.017417478561401366,0.0008371181463461403,0.0073204517364501955,0.00044387242785400266,5,log2,2,2,10,"{'clf__max_depth': 5, 'clf__max_features': 'log2', 'clf__min_samples_leaf': 2, 'clf__min_samples_split': 2, 'clf__n_estimators': 10}",0.8058943089430894,0.766260162601626,0.7530487804878049,0.8292682926829268,0.6585365853658537,0.7626016260162601,0.058741595607635914,204,0.7848856488761856,0.7704817174010703,0.7288717562455805,0.8102981029810298,0.6232645403377112,0.7435603531683156,0.06568607863420432,203
0.06281342506408691,0.0017815254257374544,0.009132766723632812,0.000214962644031639,5,log2,2,2,50,"{'clf__max_depth': 5, 'clf__max_features': 'log2', 'clf__min_samples_leaf': 2, 'clf__min_samples_split': 2, 'clf__n_estimators': 50}",0.991869918699187,0.9898373983739838,0.9939024390243902,1.0,1.0,0.9951219512195122,0.00418521550446626,154,0.9918459907007098,0.9899295115713305,0.9939556991091376,1.0,1.0,0.9951462402762357,0.0041627217256014004,154
0.12071080207824707,0.0025815696454223355,0.011154651641845703,0.000753566205114849,5,log2,2,2,100,"{'clf__max_depth': 5, 'clf__max_features': 'log2', 'clf__min_samples_leaf': 2, 'clf__min_samples_split': 2, 'clf__n_estimators': 100}",0.9959349593495935,0.9928861788617886,1.0,1.0,1.0,0.9977642276422763,0.002903019686399518,129,0.9959314245316366,0.9928269035785727,1.0,1.0,1.0,0.997751665622042,0.0029234083271865775,130
0.01720848083496094,0.0007518065511419587,0.007298421859741211,0.0005928716297195637,5,log2,2,5,10,"{'clf__max_depth': 5, 'clf__max_features': 'log2', 'clf__min_samples_leaf': 2, 'clf__min_samples_split': 5, 'clf__n_estimators': 10}",0.7987804878048781,0.774390243902439,0.782520325203252,0.7560975609756098,0.7804878048780488,0.7784552845528454,0.013785223542937545,200,0.7853054318134273,0.7474194054038161,0.7510030916663148,0.7150406504065041,0.7346109175377469,0.7466758993655619,0.023055892673173047,202
0.06355838775634766,0.002969269453853675,0.008878993988037109,0.0001903502878765184,5,log2,2,5,50,"{'clf__max_depth': 5, 'clf__max_features': 'log2', 'clf__min_samples_leaf': 2, 'clf__min_samples_split': 5, 'clf__n_estimators': 50}",0.9847560975609756,0.9908536585365854,0.9928861788617886,1.0,0.975609756097561,0.9888211382113822,0.00820594684479121,169,0.9846257724144319,0.990694444309316,0.9929398802232022,1.0,0.967479674796748,0.9871479543487396,0.01099546903085865,169
0.12019762992858887,0.002151556843556752,0.011129426956176757,0.0004052849199836425,5,log2,2,5,100,"{'clf__max_depth': 5, 'clf__max_features': 'log2', 'clf__min_samples_leaf': 2, 'clf__min_samples_split': 5, 'clf__n_estimators': 100}",0.991869918699187,0.9969512195121951,0.9959349593495935,1.0,1.0,0.996951219512195,0.003014714832152721,136,0.9918522720110922,0.9969392635102822,0.9959225620710142,1.0,1.0,0.9969428195184777,0.0030215001844266067,137
0.017433595657348634,0.0007847986440105973,0.00692291259765625,0.0006435553949260206,5,log2,2,10,10,"{'clf__max_depth': 5, 'clf__max_features': 'log2', 'clf__min_samples_leaf': 2, 'clf__min_samples_split': 10, 'clf__n_estimators': 10}",0.8201219512195121,0.858739837398374,0.7540650406504065,0.7073170731707317,0.7317073170731707,0.7743902439024388,0.05646237568331284,202,0.8015618495881168,0.8556869210055023,0.7284621570853348,0.6747967479674797,0.6954915003695492,0.7511998352031967,0.06769303643306766,201
0.06277704238891602,0.0010671956923602641,0.008816242218017578,0.00041106286464911334,5,log2,2,10,50,"{'clf__max_depth': 5, 'clf__max_features': 'log2', 'clf__min_samples_leaf': 2, 'clf__min_samples_split': 10, 'clf__n_estimators': 50}",0.9908536585365854,0.9888211382113821,0.9928861788617886,1.0,1.0,0.9945121951219512,0.004661522333812903,155,0.990940461660564,0.9886619239841128,0.9929647627960869,1.0,1.0,0.9945134296881527,0.0046820827896749415,155
0.12151608467102051,0.004091054450355511,0.011020326614379882,0.0006025085078059593,5,log2,2,10,100,"{'clf__max_depth': 5, 'clf__max_features': 'log2', 'clf__min_samples_leaf': 2, 'clf__min_samples_split': 10, 'clf__n_estimators': 100}",0.9979674796747967,0.9898373983739838,0.9989837398373984,1.0,1.0,0.9973577235772357,0.0038349516796977972,134,0.9979639448568399,0.9897725323072647,0.998983298560732,1.0,1.0,0.9973439551449672,0.0038602441997576996,135
0.01702747344970703,0.0006293188099356418,0.0070988178253173825,0.0004863326345028431,5,log2,4,2,10,"{'clf__max_depth': 5, 'clf__max_features': 'log2', 'clf__min_samples_leaf': 4, 'clf__min_samples_split': 2, 'clf__n_estimators': 10}",0.7388211382113821,0.8770325203252033,0.6859756097560976,0.8048780487804879,0.8292682926829268,0.7871951219512194,0.06743741942742916,199,0.7094861780862461,0.8768531124675308,0.661411569376025,0.7777777777777777,0.8028455284552846,0.7656748332325728,0.07472181044490728,199
0.06292376518249512,0.0013030138649242143,0.008836030960083008,0.0003676022670760773,5,log2,4,2,50,"{'clf__max_depth': 5, 'clf__max_features': 'log2', 'clf__min_samples_leaf': 4, 'clf__min_samples_split': 2, 'clf__n_estimators': 50}",0.9766260162601627,0.9847560975609756,0.9867886178861789,0.9512195121951219,1.0,0.9798780487804878,0.016176103862659802,175,0.975794527205232,0.98480958746126,0.9871828730399652,0.9349593495934959,1.0,0.9765492674599905,0.022187988695737255,176
0.11993145942687988,0.0032153381961610977,0.011290025711059571,0.0014133482761198054,5,log2,4,2,100,"{'clf__max_depth': 5, 'clf__max_features': 'log2', 'clf__min_samples_leaf': 4, 'clf__min_samples_split': 2, 'clf__n_estimators': 100}",0.9969512195121951,0.9979674796747967,0.9969512195121951,1.0,1.0,0.9983739837398374,0.0013785223542937572,121,0.9969392635102822,0.9979639448568399,0.9969392635102822,1.0,1.0,0.9983684943754809,0.0013836678250780411,124
0.016907882690429688,0.0007400409369632227,0.006577110290527344,0.0005152871776719827,5,log2,4,5,10,"{'clf__max_depth': 5, 'clf__max_features': 'log2', 'clf__min_samples_leaf': 4, 'clf__min_samples_split': 5, 'clf__n_estimators': 10}",0.8008130081300813,0.75,0.7977642276422764,0.6585365853658537,0.8780487804878049,0.7770325203252033,0.07207169189464069,201,0.7913309600686022,0.7240583210204244,0.7872177323093221,0.6232645403377112,0.8536585365853658,0.7559060180642851,0.07797299822717228,200
0.06321530342102051,0.0010151923279339758,0.008534002304077148,0.0004145739020385185,5,log2,4,5,50,"{'clf__max_depth': 5, 'clf__max_features': 'log2', 'clf__min_samples_leaf': 4, 'clf__min_samples_split': 5, 'clf__n_estimators': 50}",0.9898373983739838,0.9888211382113821,0.991869918699187,0.975609756097561,1.0,0.9892276422764226,0.007861414473908021,167,0.9899436571440813,0.9887704992959788,0.9919518354571666,0.967479674796748,1.0,0.987629133338795,0.010810962138353948,167
0.12810888290405273,0.012603275994111346,0.011822032928466796,0.0013303853567857838,5,log2,4,5,100,"{'clf__max_depth': 5, 'clf__max_features': 'log2', 'clf__min_samples_leaf': 4, 'clf__min_samples_split': 5, 'clf__n_estimators': 100}",0.9928861788617886,1.0,1.0,1.0,1.0,0.9985772357723578,0.00284552845528454,119,0.9927925869031258,1.0,1.0,1.0,1.0,0.9985585173806252,0.00288296523874969,120
0.016941642761230467,8.248436614276229e-05,0.007105875015258789,0.000694464569855802,5,log2,4,10,10,"{'clf__max_depth': 5, 'clf__max_features': 'log2', 'clf__min_samples_leaf': 4, 'clf__min_samples_split': 10, 'clf__n_estimators': 10}",0.741869918699187,0.7530487804878049,0.7591463414634146,0.8048780487804879,0.7560975609756098,0.7630081300813008,0.02173371617248507,203,0.7111003026190654,0.73814482280625,0.7198665705905101,0.772822299651568,0.7280118255728012,0.733989164248039,0.021374555524013687,205
0.06541519165039063,0.0015971627080916039,0.009101295471191406,0.0008028037476122981,5,log2,4,10,50,"{'clf__max_depth': 5, 'clf__max_features': 'log2', 'clf__min_samples_leaf': 4, 'clf__min_samples_split': 10, 'clf__n_estimators': 50}",0.9857723577235772,0.9888211382113821,0.9898373983739838,1.0,0.975609756097561,0.9880081300813007,0.007829821253763514,170,0.9865541080849252,0.9889254427427996,0.9898686579660078,1.0,0.967479674796748,0.9865655767180961,0.010594666828013823,170
0.12211298942565918,0.002993915677079577,0.010808706283569336,0.00040494046330536235,5,log2,4,10,100,"{'clf__max_depth': 5, 'clf__max_features': 'log2', 'clf__min_samples_leaf': 4, 'clf__min_samples_split': 10, 'clf__n_estimators': 100}",0.9979674796747967,0.9949186991869918,0.9979674796747967,1.0,1.0,0.998170731707317,0.0018628356483560487,126,0.9979639448568399,0.9950125719468844,0.9979665971214641,1.0,1.0,0.9981886227850378,0.001830259507447394,126
0.02215719223022461,0.001704909851026231,0.0077484130859375,0.0005525354639481874,10,sqrt,1,2,10,"{'clf__max_depth': 10, 'clf__max_features': 'sqrt', 'clf__min_samples_leaf': 1, 'clf__min_samples_split': 2, 'clf__n_estimators': 10}",0.9745934959349594,0.926829268292683,0.9715447154471545,0.975609756097561,0.9512195121951219,0.9599593495934959,0.018800538341214913,186,0.9758654081128125,0.9305922987302305,0.9752598458832492,0.967479674796748,0.9390243902439024,0.9576443235533887,0.019066004547561723,186
0.08732438087463379,0.0024152354491111523,0.00881366729736328,0.0004407318280068233,10,sqrt,1,2,50,"{'clf__max_depth': 10, 'clf__max_features': 'sqrt', 'clf__min_samples_leaf': 1, 'clf__min_samples_split': 2, 'clf__n_estimators': 50}",1.0,0.9979674796747967,1.0,1.0,1.0,0.9995934959349594,0.0008130081300813163,96,1.0,0.9979639448568399,1.0,1.0,1.0,0.999592788971368,0.0008144220572640303,96
0.18832082748413087,0.020178427740551886,0.014461231231689454,0.0033387425564074475,10,sqrt,1,2,100,"{'clf__max_depth': 10, 'clf__max_features': 'sqrt', 'clf__min_samples_leaf': 1, 'clf__min_samples_split': 2, 'clf__n_estimators': 100}",1.0,1.0,1.0,1.0,1.0,1.0,0.0,1,1.0,1.0,1.0,1.0,1.0,1.0,0.0,1
0.02540144920349121,0.0013572616229154525,0.007714319229125977,0.0006034774928993049,10,sqrt,1,5,10,"{'clf__max_depth': 10, 'clf__max_features': 'sqrt', 'clf__min_samples_leaf': 1, 'clf__min_samples_split': 5, 'clf__n_estimators': 10}",0.9766260162601627,0.9126016260162602,0.9634146341463414,0.9024390243902439,0.975609756097561,0.9461382113821137,0.03203396472332609,191,0.9778913691396666,0.914295473267446,0.9553388436838753,0.8861788617886179,0.967479674796748,0.9402368445352709,0.03459284794293671,190
0.0955343246459961,0.0014062612797586694,0.010122442245483398,0.000684132922815901,10,sqrt,1,5,50,"{'clf__max_depth': 10, 'clf__max_features': 'sqrt', 'clf__min_samples_leaf': 1, 'clf__min_samples_split': 5, 'clf__n_estimators': 50}",1.0,0.991869918699187,1.0,1.0,1.0,0.9983739837398374,0.003252032520325221,121,1.0,0.992203201535121,1.0,1.0,1.0,0.9984406403070242,0.003118719385951607,121
0.18888559341430664,0.009859035654040026,0.012824487686157227,0.000998192556760509,10,sqrt,1,5,100,"{'clf__max_depth': 10, 'clf__max_features': 'sqrt', 'clf__min_samples_leaf': 1, 'clf__min_samples_split': 5, 'clf__n_estimators': 100}",1.0,1.0,1.0,1.0,1.0,1.0,0.0,1,1.0,1.0,1.0,1.0,1.0,1.0,0.0,1
0.024125099182128906,0.000994190048994601,0.00877842903137207,0.0014881473016435,10,sqrt,1,10,10,"{'clf__max_depth': 10, 'clf__max_features': 'sqrt', 'clf__min_samples_leaf': 1, 'clf__min_samples_split': 10, 'clf__n_estimators': 10}",0.9349593495934959,0.9034552845528455,0.9115853658536586,0.975609756097561,0.9512195121951219,0.9353658536585365,0.026286389782388484,194,0.9327783234417458,0.8962392458471508,0.9026878753361587,0.967479674796748,0.9390243902439024,0.927641901933141,0.025891397279594247,194
0.10042476654052734,0.003684713259386329,0.01008620262145996,0.0001240114569450715,10,sqrt,1,10,50,"{'clf__max_depth': 10, 'clf__max_features': 'sqrt', 'clf__min_samples_leaf': 1, 'clf__min_samples_split': 10, 'clf__n_estimators': 50}",1.0,1.0,1.0,1.0,1.0,1.0,0.0,1,1.0,1.0,1.0,1.0,1.0,1.0,0.0,1
0.17633366584777832,0.0043405193562922285,0.01323561668395996,0.00048179090350408357,10,sqrt,1,10,100,"{'clf__max_depth': 10, 'clf__max_features': 'sqrt', 'clf__min_samples_leaf': 1, 'clf__min_samples_split': 10, 'clf__n_estimators': 100}",1.0,1.0,0.9989837398373984,1.0,1.0,0.9997967479674796,0.000406504065040636,93,1.0,1.0,0.998983298560732,1.0,1.0,0.9997966597121465,0.00040668057570720785,93
0.02270536422729492,0.0010828542406879798,0.006998920440673828,0.0006324314544359793,10,sqrt,2,2,10,"{'clf__max_depth': 10, 'clf__max_features': 'sqrt', 'clf__min_samples_leaf': 2, 'clf__min_samples_split': 2, 'clf__n_estimators': 10}",0.8556910569105691,0.915650406504065,0.975609756097561,1.0,0.9024390243902439,0.9298780487804879,0.051898964775624806,196,0.84368185316885,0.9106588509629254,0.9776278719663346,1.0,0.8780487804878049,0.9220034713171831,0.05894492948576419,196
0.08777551651000977,0.0019482409598810797,0.009414386749267579,0.0011702798179569613,10,sqrt,2,2,50,"{'clf__max_depth': 10, 'clf__max_features': 'sqrt', 'clf__min_samples_leaf': 2, 'clf__min_samples_split': 2, 'clf__n_estimators': 50}",0.9979674796747967,0.9969512195121951,1.0,1.0,1.0,0.9989837398373984,0.0012854787236456896,110,0.9979639448568399,0.9969392635102822,1.0,1.0,1.0,0.9989806416734244,0.0012898194769566766,113
0.17464752197265626,0.008437974393404196,0.012325906753540039,0.000712742564164111,10,sqrt,2,2,100,"{'clf__max_depth': 10, 'clf__max_features': 'sqrt', 'clf__min_samples_leaf': 2, 'clf__min_samples_split': 2, 'clf__n_estimators': 100}",1.0,1.0,1.0,1.0,1.0,1.0,0.0,1,1.0,1.0,1.0,1.0,1.0,1.0,0.0,1
0.021795272827148438,0.0008452909263218962,0.0071033000946044925,0.0007800877325396932,10,sqrt,2,5,10,"{'clf__max_depth': 10, 'clf__max_features': 'sqrt', 'clf__min_samples_leaf': 2, 'clf__min_samples_split': 5, 'clf__n_estimators': 10}",0.948170731707317,0.907520325203252,0.9766260162601627,0.9512195121951219,0.926829268292683,0.9420731707317073,0.02341371667127515,192,0.942427549068293,0.9056529679104082,0.978005374122303,0.9349593495934959,0.9121951219512195,0.934648072529144,0.02563327459214006,192
0.08789162635803223,0.002219467472798133,0.00888233184814453,0.0004895432236999176,10,sqrt,2,5,50,"{'clf__max_depth': 10, 'clf__max_features': 'sqrt', 'clf__min_samples_leaf': 2, 'clf__min_samples_split': 5, 'clf__n_estimators': 50}",1.0,0.9969512195121951,0.9989837398373984,1.0,1.0,0.9991869918699188,0.0011851528241555488,108,1.0,0.9969392635102822,0.998983298560732,1.0,1.0,0.9991845124142028,0.0011896797605367088,109
0.1668713092803955,0.002061914100694864,0.011723041534423828,0.0006152480383852513,10,sqrt,2,5,100,"{'clf__max_depth': 10, 'clf__max_features': 'sqrt', 'clf__min_samples_leaf': 2, 'clf__min_samples_split': 5, 'clf__n_estimators': 100}",1.0,1.0,1.0,1.0,1.0,1.0,0.0,1,1.0,1.0,1.0,1.0,1.0,1.0,0.0,1
0.022077274322509766,0.0008095889562533208,0.006987333297729492,3.008687548873421e-05,10,sqrt,2,10,10,"{'clf__max_depth': 10, 'clf__max_features': 'sqrt', 'clf__min_samples_leaf': 2, 'clf__min_samples_split': 10, 'clf__n_estimators': 10}",0.9329268292682927,0.9725609756097561,0.9024390243902439,0.975609756097561,0.9024390243902439,0.9371951219512196,0.03212668261541337,193,0.9304336110885466,0.9749631075394967,0.8963382018044916,0.967479674796748,0.8796747967479676,0.9297778783954502,0.03766189355603859,193
0.09272179603576661,0.011903467537792293,0.009561443328857422,0.0005006530754998722,10,sqrt,2,10,50,"{'clf__max_depth': 10, 'clf__max_features': 'sqrt', 'clf__min_samples_leaf': 2, 'clf__min_samples_split': 10, 'clf__n_estimators': 50}",0.9939024390243902,1.0,1.0,1.0,1.0,0.998780487804878,0.0024390243902439046,115,0.9938989042064333,1.0,1.0,1.0,1.0,0.9987797808412868,0.002440438317426663,115
0.16731982231140136,0.003292236938564244,0.01200404167175293,0.000812443772798722,10,sqrt,2,10,100,"{'clf__max_depth': 10, 'clf__max_features': 'sqrt', 'clf__min_samples_leaf': 2, 'clf__min_samples_split': 10, 'clf__n_estimators': 100}",1.0,1.0,1.0,1.0,1.0,1.0,0.0,1,1.0,1.0,1.0,1.0,1.0,1.0,0.0,1
0.021363592147827147,0.0005210256426199555,0.006749963760375977,0.000408777135753769,10,sqrt,4,2,10,"{'clf__max_depth': 10, 'clf__max_features': 'sqrt', 'clf__min_samples_leaf': 4, 'clf__min_samples_split': 2, 'clf__n_estimators': 10}",0.959349593495935,0.9502032520325203,0.9847560975609756,0.926829268292683,0.9512195121951219,0.9544715447154472,0.01862170231064447,189,0.9611652472114092,0.9468659160586691,0.9850383814528512,0.9121951219512195,0.9349593495934959,0.9480448032535289,0.024488729651108782,188
0.08678946495056153,0.0022419018832196807,0.009512233734130859,0.00031241457236449804,10,sqrt,4,2,50,"{'clf__max_depth': 10, 'clf__max_features': 'sqrt', 'clf__min_samples_leaf': 4, 'clf__min_samples_split': 2, 'clf__n_estimators': 50}",0.9949186991869918,1.0,0.9989837398373984,1.0,1.0,0.998780487804878,0.001970601568055435,115,0.9949101275852504,1.0,0.998983298560732,1.0,1.0,0.9987786852291964,0.001973952084936409,116
0.16736273765563964,0.0009670793219408616,0.012241744995117187,0.0009430316579432389,10,sqrt,4,2,100,"{'clf__max_depth': 10, 'clf__max_features': 'sqrt', 'clf__min_samples_leaf': 4, 'clf__min_samples_split': 2, 'clf__n_estimators': 100}",1.0,1.0,1.0,1.0,1.0,1.0,0.0,1,1.0,1.0,1.0,1.0,1.0,1.0,0.0,1
0.022325849533081053,0.0005566011425483604,0.006799936294555664,0.00039734236974608067,10,sqrt,4,5,10,"{'clf__max_depth': 10, 'clf__max_features': 'sqrt', 'clf__min_samples_leaf': 4, 'clf__min_samples_split': 5, 'clf__n_estimators': 10}",0.9400406504065041,0.8719512195121951,0.9298780487804879,0.8536585365853658,0.9512195121951219,0.909349593495935,0.03902968290667533,198,0.9353714736235939,0.8763378725791666,0.9185887917061732,0.8211382113821138,0.9390243902439024,0.8980921479069899,0.04445326948010995,198
0.0861055850982666,0.0010672602893339058,0.00922088623046875,0.0003946215820795128,10,sqrt,4,5,50,"{'clf__max_depth': 10, 'clf__max_features': 'sqrt', 'clf__min_samples_leaf': 4, 'clf__min_samples_split': 5, 'clf__n_estimators': 50}",0.9979674796747967,0.9979674796747967,0.9989837398373984,1.0,1.0,0.9989837398373984,0.0009089707225609074,110,0.9979639448568399,0.9979639448568399,0.998983298560732,1.0,1.0,0.9989822376548823,0.000910551695719702,112
0.16669397354125975,0.003138765909861095,0.012223529815673827,0.0015228575760657741,10,sqrt,4,5,100,"{'clf__max_depth': 10, 'clf__max_features': 'sqrt', 'clf__min_samples_leaf': 4, 'clf__min_samples_split': 5, 'clf__n_estimators': 100}",1.0,1.0,1.0,1.0,1.0,1.0,0.0,1,1.0,1.0,1.0,1.0,1.0,1.0,0.0,1
0.024618005752563475,0.001351725076110851,0.007602596282958984,0.0004845127934067498,10,sqrt,4,10,10,"{'clf__max_depth': 10, 'clf__max_features': 'sqrt', 'clf__min_samples_leaf': 4, 'clf__min_samples_split': 10, 'clf__n_estimators': 10}",0.9522357723577236,0.975609756097561,0.9054878048780488,0.926829268292683,0.9024390243902439,0.9325203252032519,0.02797651820291699,195,0.9454121485987946,0.9762244999566239,0.8969400042039223,0.9121951219512195,0.8861788617886179,0.9233901272998356,0.03312417785732659,195
0.09191408157348632,0.005161193830896518,0.009839820861816406,0.001320325948069677,10,sqrt,4,10,50,"{'clf__max_depth': 10, 'clf__max_features': 'sqrt', 'clf__min_samples_leaf': 4, 'clf__min_samples_split': 10, 'clf__n_estimators': 50}",0.9979674796747967,0.9969512195121951,0.9969512195121951,1.0,1.0,0.9983739837398374,0.0013785223542937572,121,0.9979639448568399,0.9969392635102822,0.9970084556915657,1.0,1.0,0.9983823328117376,0.0013695787742879113,123
0.1875469207763672,0.008189181982441519,0.013903236389160157,0.0008654416111351918,10,sqrt,4,10,100,"{'clf__max_depth': 10, 'clf__max_features': 'sqrt', 'clf__min_samples_leaf': 4, 'clf__min_samples_split': 10, 'clf__n_estimators': 100}",0.9979674796747967,0.9939024390243902,1.0,1.0,1.0,0.9983739837398374,0.002370305648311101,121,0.9979639448568399,0.9940379403794037,1.0,1.0,1.0,0.9984003770472487,0.0023193838626104826,122
0.021390628814697266,0.002369439965800081,0.007224225997924804,0.00045008107452856167,10,log2,1,2,10,"{'clf__max_depth': 10, 'clf__max_features': 'log2', 'clf__min_samples_leaf': 1, 'clf__min_samples_split': 2, 'clf__n_estimators': 10}",0.9654471544715447,0.9664634146341463,0.9827235772357723,0.9512195121951219,0.9512195121951219,0.9634146341463413,0.011693617775319125,185,0.9680979890458482,0.9674362887326594,0.98390047349271,0.9349593495934959,0.9390243902439024,0.9586836982217232,0.01871072192856955,185
0.07499942779541016,0.002085077704501592,0.009365129470825195,0.00042892347638133287,10,log2,1,2,50,"{'clf__max_depth': 10, 'clf__max_features': 'log2', 'clf__min_samples_leaf': 1, 'clf__min_samples_split': 2, 'clf__n_estimators': 50}",1.0,1.0,1.0,1.0,1.0,1.0,0.0,1,1.0,1.0,1.0,1.0,1.0,1.0,0.0,1
0.14620070457458495,0.0024735587055665954,0.01237783432006836,0.0005248066730418673,10,log2,1,2,100,"{'clf__max_depth': 10, 'clf__max_features': 'log2', 'clf__min_samples_leaf': 1, 'clf__min_samples_split': 2, 'clf__n_estimators': 100}",1.0,1.0,1.0,1.0,1.0,1.0,0.0,1,1.0,1.0,1.0,1.0,1.0,1.0,0.0,1
0.019984102249145506,0.0005304511222377486,0.007123184204101562,0.0004504606056141174,10,log2,1,5,10,"{'clf__max_depth': 10, 'clf__max_features': 'log2', 'clf__min_samples_leaf': 1, 'clf__min_samples_split': 5, 'clf__n_estimators': 10}",0.9857723577235772,0.9735772357723578,0.9654471544715447,1.0,0.9512195121951219,0.9752032520325203,0.01673098831484283,180,0.9858450628824309,0.9764460261507877,0.958993122912464,1.0,0.9349593495934959,0.9712487123078356,0.02251141658304553,180
0.07576966285705566,0.0014611531978656704,0.009173297882080078,0.0007365655843328511,10,log2,1,5,50,"{'clf__max_depth': 10, 'clf__max_features': 'log2', 'clf__min_samples_leaf': 1, 'clf__min_samples_split': 5, 'clf__n_estimators': 50}",0.9969512195121951,1.0,1.0,1.0,1.0,0.999390243902439,0.0012195121951219523,99,0.9969392635102822,1.0,1.0,1.0,1.0,0.9993878527020564,0.001224294595887132,100
0.1438291072845459,0.0011360764627940702,0.012279653549194336,0.0005814783995161995,10,log2,1,5,100,"{'clf__max_depth': 10, 'clf__max_features': 'log2', 'clf__min_samples_leaf': 1, 'clf__min_samples_split': 5, 'clf__n_estimators': 100}",1.0,1.0,1.0,1.0,1.0,1.0,0.0,1,1.0,1.0,1.0,1.0,1.0,1.0,0.0,1
0.019449234008789062,0.0004571737770203832,0.007183837890625,0.0003755383222930753,10,log2,1,10,10,"{'clf__max_depth': 10, 'clf__max_features': 'log2', 'clf__min_samples_leaf': 1, 'clf__min_samples_split': 10, 'clf__n_estimators': 10}",0.8963414634146342,0.967479674796748,0.9827235772357723,0.9512195121951219,0.975609756097561,0.9546747967479675,0.03099576835887519,188,0.8803047827526131,0.9688392767347692,0.9836059578949922,0.9349593495934959,0.967479674796748,0.9470378083545237,0.03695832615262153,189
0.08144903182983398,0.007172382455169522,0.009535837173461913,0.0007779076941932398,10,log2,1,10,50,"{'clf__max_depth': 10, 'clf__max_features': 'log2', 'clf__min_samples_leaf': 1, 'clf__min_samples_split': 10, 'clf__n_estimators': 50}",1.0,1.0,1.0,1.0,1.0,1.0,0.0,1,1.0,1.0,1.0,1.0,1.0,1.0,0.0,1
0.14652018547058104,0.0047395621450726805,0.011618089675903321,0.00044242670647059047,10,log2,1,10,100,"{'clf__max_depth': 10, 'clf__max_features': 'log2', 'clf__min_samples_leaf': 1, 'clf__min_samples_split': 10, 'clf__n_estimators': 100}",1.0,1.0,1.0,1.0,1.0,1.0,0.0,1,1.0,1.0,1.0,1.0,1.0,1.0,0.0,1
0.01989755630493164,0.0010384551114048979,0.007037067413330078,0.0006645158497656108,10,log2,2,2,10,"{'clf__max_depth': 10, 'clf__max_features': 'log2', 'clf__min_samples_leaf': 2, 'clf__min_samples_split': 2, 'clf__n_estimators': 10}",0.8851626016260162,0.9288617886178862,0.9176829268292683,0.975609756097561,0.8780487804878049,0.9170731707317072,0.034948712694507625,197,0.8729057182822518,0.9244941371813082,0.9063253786882863,0.967479674796748,0.8471544715447155,0.903671876098662,0.04160003916243639,197
0.07516889572143555,0.0012115050146585733,0.009280157089233399,0.0003466766962363922,10,log2,2,2,50,"{'clf__max_depth': 10, 'clf__max_features': 'log2', 'clf__min_samples_leaf': 2, 'clf__min_samples_split': 2, 'clf__n_estimators': 50}",1.0,1.0,0.9969512195121951,1.0,1.0,0.999390243902439,0.0012195121951219523,99,1.0,1.0,0.9969472434175719,1.0,1.0,0.9993894486835144,0.001221102632971238,99
0.14503369331359864,0.001753471393209181,0.011980962753295899,0.000667324776504221,10,log2,2,2,100,"{'clf__max_depth': 10, 'clf__max_features': 'log2', 'clf__min_samples_leaf': 2, 'clf__min_samples_split': 2, 'clf__n_estimators': 100}",1.0,1.0,0.9989837398373984,1.0,1.0,0.9997967479674796,0.000406504065040636,93,1.0,1.0,0.998983298560732,1.0,1.0,0.9997966597121465,0.00040668057570720785,93
0.01980314254760742,0.0007419533410656918,0.007718372344970703,0.0008503637649457845,10,log2,2,5,10,"{'clf__max_depth': 10, 'clf__max_features': 'log2', 'clf__min_samples_leaf': 2, 'clf__min_samples_split': 5, 'clf__n_estimators': 10}",0.975609756097561,0.9705284552845529,0.9898373983739838,1.0,0.975609756097561,0.9823170731707318,0.010937905729328219,173,0.9756972397810629,0.971998418169717,0.9898783185394101,1.0,0.967479674796748,0.9810107302573876,0.012097693163439291,173
0.07496190071105957,0.0010006988830960832,0.009580516815185547,0.0004766139127750077,10,log2,2,5,50,"{'clf__max_depth': 10, 'clf__max_features': 'log2', 'clf__min_samples_leaf': 2, 'clf__min_samples_split': 5, 'clf__n_estimators': 50}",1.0,1.0,1.0,1.0,1.0,1.0,0.0,1,1.0,1.0,1.0,1.0,1.0,1.0,0.0,1
0.14559555053710938,0.0033340116931249177,0.012366342544555663,0.0007268140764365832,10,log2,2,5,100,"{'clf__max_depth': 10, 'clf__max_features': 'log2', 'clf__min_samples_leaf': 2, 'clf__min_samples_split': 5, 'clf__n_estimators': 100}",1.0,1.0,1.0,1.0,1.0,1.0,0.0,1,1.0,1.0,1.0,1.0,1.0,1.0,0.0,1
0.019363975524902342,0.0005952452157161449,0.006992244720458984,0.0006963602517812276,10,log2,2,10,10,"{'clf__max_depth': 10, 'clf__max_features': 'log2', 'clf__min_samples_leaf': 2, 'clf__min_samples_split': 10, 'clf__n_estimators': 10}",0.9817073170731707,0.9715447154471545,0.9573170731707317,0.975609756097561,0.9024390243902439,0.9577235772357723,0.028784391816423532,187,0.9814165112137796,0.9720053268453254,0.9514834969433725,0.967479674796748,0.8861788617886179,0.9517127743175688,0.034168526698931334,187
0.0746652603149414,0.0014738091756626214,0.009236764907836915,0.0005818408622961752,10,log2,2,10,50,"{'clf__max_depth': 10, 'clf__max_features': 'log2', 'clf__min_samples_leaf': 2, 'clf__min_samples_split': 10, 'clf__n_estimators': 50}",1.0,1.0,1.0,1.0,1.0,1.0,0.0,1,1.0,1.0,1.0,1.0,1.0,1.0,0.0,1
0.1460742473602295,0.002128805650388017,0.011996126174926758,0.0006307929448361648,10,log2,2,10,100,"{'clf__max_depth': 10, 'clf__max_features': 'log2', 'clf__min_samples_leaf': 2, 'clf__min_samples_split': 10, 'clf__n_estimators': 100}",1.0,1.0,1.0,1.0,1.0,1.0,0.0,1,1.0,1.0,1.0,1.0,1.0,1.0,0.0,1
0.020105934143066405,0.0007945053604034866,0.006642770767211914,0.0007727858635017436,10,log2,4,2,10,"{'clf__max_depth': 10, 'clf__max_features': 'log2', 'clf__min_samples_leaf': 4, 'clf__min_samples_split': 2, 'clf__n_estimators': 10}",0.8892276422764228,0.9817073170731707,0.9359756097560976,1.0,0.926829268292683,0.9467479674796749,0.03969715650083891,190,0.8747422862132843,0.9815585143644587,0.923402113211868,1.0,0.9121951219512195,0.9383796071481662,0.04608937415287314,191
0.0755077838897705,0.001900876452308885,0.009380578994750977,0.0010342917166990347,10,log2,4,2,50,"{'clf__max_depth': 10, 'clf__max_features': 'log2', 'clf__min_samples_leaf': 4, 'clf__min_samples_split': 2, 'clf__n_estimators': 50}",1.0,1.0,1.0,1.0,1.0,1.0,0.0,1,1.0,1.0,1.0,1.0,1.0,1.0,0.0,1
0.1548454761505127,0.0049669312723958714,0.012578201293945313,0.0007873919804736299,10,log2,4,2,100,"{'clf__max_depth': 10, 'clf__max_features': 'log2', 'clf__min_samples_leaf': 4, 'clf__min_samples_split': 2, 'clf__n_estimators': 100}",1.0,0.9969512195121951,1.0,1.0,1.0,0.999390243902439,0.0012195121951219523,99,1.0,0.9969392635102822,1.0,1.0,1.0,0.9993878527020564,0.001224294595887132,100
0.020069122314453125,0.0013013313516380114,0.007301521301269531,0.00039207612825310035,10,log2,4,5,10,"{'clf__max_depth': 10, 'clf__max_features': 'log2', 'clf__min_samples_leaf': 4, 'clf__min_samples_split': 5, 'clf__n_estimators': 10}",0.9705284552845529,0.9369918699186992,0.9796747967479674,0.975609756097561,1.0,0.9725609756097562,0.020406342110587197,182,0.9691540373000578,0.9350381180434673,0.9802041605703334,0.967479674796748,1.0,0.9703751981421214,0.02113206997280797,181
0.08113017082214355,0.005065477401699066,0.009101533889770507,0.00020187426946902,10,log2,4,5,50,"{'clf__max_depth': 10, 'clf__max_features': 'log2', 'clf__min_samples_leaf': 4, 'clf__min_samples_split': 5, 'clf__n_estimators': 50}",0.9949186991869918,1.0,0.9989837398373984,1.0,1.0,0.998780487804878,0.001970601568055435,115,0.9948629587217329,1.0,0.998983298560732,1.0,1.0,0.998769251456493,0.001992443977857662,118
0.149334716796875,0.004369102945368818,0.01237039566040039,0.0004978388063968843,10,log2,4,5,100,"{'clf__max_depth': 10, 'clf__max_features': 'log2', 'clf__min_samples_leaf': 4, 'clf__min_samples_split': 5, 'clf__n_estimators': 100}",1.0,1.0,1.0,1.0,1.0,1.0,0.0,1,1.0,1.0,1.0,1.0,1.0,1.0,0.0,1
0.022912979125976562,0.004826869326730216,0.008313655853271484,0.0014098219464034462,10,log2,4,10,10,"{'clf__max_depth': 10, 'clf__max_features': 'log2', 'clf__min_samples_leaf': 4, 'clf__min_samples_split': 10, 'clf__n_estimators': 10}",0.967479674796748,0.9654471544715447,0.9857723577235772,1.0,0.975609756097561,0.9788617886178862,0.012764486559437044,176,0.9683476053896867,0.9662389958884051,0.9859615074868047,1.0,0.967479674796748,0.9776055567123288,0.013332478057246818,175
0.07621493339538574,0.0014756506785014176,0.00967249870300293,0.0007528982948630422,10,log2,4,10,50,"{'clf__max_depth': 10, 'clf__max_features': 'log2', 'clf__min_samples_leaf': 4, 'clf__min_samples_split': 10, 'clf__n_estimators': 50}",1.0,1.0,1.0,1.0,1.0,1.0,0.0,1,1.0,1.0,1.0,1.0,1.0,1.0,0.0,1
0.15787205696105958,0.007757637941096155,0.011957550048828125,0.0006488473494059212,10,log2,4,10,100,"{'clf__max_depth': 10, 'clf__max_features': 'log2', 'clf__min_samples_leaf': 4, 'clf__min_samples_split': 10, 'clf__n_estimators': 100}",1.0,0.9969512195121951,1.0,1.0,1.0,0.999390243902439,0.0012195121951219523,99,1.0,0.9969392635102822,1.0,1.0,1.0,0.9993878527020564,0.001224294595887132,100
0.025929737091064452,0.0015593556233255217,0.0074498653411865234,0.0004716378711293035,15,sqrt,1,2,10,"{'clf__max_depth': 15, 'clf__max_features': 'sqrt', 'clf__min_samples_leaf': 1, 'clf__min_samples_split': 2, 'clf__n_estimators': 10}",0.9928861788617886,0.9939024390243902,0.9959349593495935,1.0,1.0,0.9965447154471544,0.002987182613150209,142,0.9928269035785727,0.9938785270205643,0.9959225620710142,1.0,1.0,0.9965255985340302,0.0030064569193694454,145
0.1280442237854004,0.002235918277734235,0.011194229125976562,0.0007413257882493991,15,sqrt,1,2,50,"{'clf__max_depth': 15, 'clf__max_features': 'sqrt', 'clf__min_samples_leaf': 1, 'clf__min_samples_split': 2, 'clf__n_estimators': 50}",1.0,1.0,1.0,1.0,1.0,1.0,0.0,1,1.0,1.0,1.0,1.0,1.0,1.0,0.0,1
0.2229978084564209,0.022713406221379594,0.014623069763183593,0.0013562901982273454,15,sqrt,1,2,100,"{'clf__max_depth': 15, 'clf__max_features': 'sqrt', 'clf__min_samples_leaf': 1, 'clf__min_samples_split': 2, 'clf__n_estimators': 100}",1.0,1.0,1.0,1.0,1.0,1.0,0.0,1,1.0,1.0,1.0,1.0,1.0,1.0,0.0,1
0.026229667663574218,0.0006434332798775023,0.007376718521118164,0.0008386087450002814,15,sqrt,1,5,10,"{'clf__max_depth': 15, 'clf__max_features': 'sqrt', 'clf__min_samples_leaf': 1, 'clf__min_samples_split': 5, 'clf__n_estimators': 10}",1.0,1.0,0.9969512195121951,1.0,1.0,0.999390243902439,0.0012195121951219523,99,1.0,1.0,0.9969392635102822,1.0,1.0,0.9993878527020564,0.001224294595887132,100
0.10057945251464843,0.0016055785706638537,0.009887361526489257,0.0006792766260160294,15,sqrt,1,5,50,"{'clf__max_depth': 15, 'clf__max_features': 'sqrt', 'clf__min_samples_leaf': 1, 'clf__min_samples_split': 5, 'clf__n_estimators': 50}",1.0,1.0,1.0,1.0,1.0,1.0,0.0,1,1.0,1.0,1.0,1.0,1.0,1.0,0.0,1
0.2008845329284668,0.006344421016389182,0.013451433181762696,0.0004651870330103059,15,sqrt,1,5,100,"{'clf__max_depth': 15, 'clf__max_features': 'sqrt', 'clf__min_samples_leaf': 1, 'clf__min_samples_split': 5, 'clf__n_estimators': 100}",1.0,1.0,1.0,1.0,1.0,1.0,0.0,1,1.0,1.0,1.0,1.0,1.0,1.0,0.0,1
0.02653188705444336,0.002045842358798534,0.007408714294433594,0.0004891189685028113,15,sqrt,1,10,10,"{'clf__max_depth': 15, 'clf__max_features': 'sqrt', 'clf__min_samples_leaf': 1, 'clf__min_samples_split': 10, 'clf__n_estimators': 10}",0.9786585365853658,0.9806910569105691,0.9949186991869918,1.0,1.0,0.9908536585365854,0.009336328518581991,163,0.9785537953754807,0.9816879755030843,0.9949058606317462,1.0,1.0,0.9910295263020622,0.009152848715548854,161
0.10222744941711426,0.0032783131923794324,0.009929466247558593,0.0007895476145072975,15,sqrt,1,10,50,"{'clf__max_depth': 15, 'clf__max_features': 'sqrt', 'clf__min_samples_leaf': 1, 'clf__min_samples_split': 10, 'clf__n_estimators': 50}",1.0,0.9979674796747967,1.0,1.0,1.0,0.9995934959349594,0.0008130081300813163,96,1.0,0.9979639448568399,1.0,1.0,1.0,0.999592788971368,0.0008144220572640303,96
0.20178937911987305,0.004561628915409316,0.01313328742980957,0.0006691192340277115,15,sqrt,1,10,100,"{'clf__max_depth': 15, 'clf__max_features': 'sqrt', 'clf__min_samples_leaf': 1, 'clf__min_samples_split': 10, 'clf__n_estimators': 100}",1.0,1.0,1.0,1.0,1.0,1.0,0.0,1,1.0,1.0,1.0,1.0,1.0,1.0,0.0,1
0.02504448890686035,0.001666479384988553,0.007479047775268555,0.0006541615228715842,15,sqrt,2,2,10,"{'clf__max_depth': 15, 'clf__max_features': 'sqrt', 'clf__min_samples_leaf': 2, 'clf__min_samples_split': 2, 'clf__n_estimators': 10}",0.9888211382113821,0.9817073170731707,0.9949186991869918,0.926829268292683,1.0,0.9784552845528456,0.02652731037098445,178,0.9895848685826579,0.9818059177235154,0.9950351346146942,0.9121951219512195,1.0,0.9757242085744174,0.032333499170635605,177
0.1016202449798584,0.0018613074543771075,0.010130357742309571,0.0001936486364949736,15,sqrt,2,2,50,"{'clf__max_depth': 15, 'clf__max_features': 'sqrt', 'clf__min_samples_leaf': 2, 'clf__min_samples_split': 2, 'clf__n_estimators': 50}",1.0,1.0,1.0,1.0,1.0,1.0,0.0,1,1.0,1.0,1.0,1.0,1.0,1.0,0.0,1
0.19437503814697266,0.0038363147089459657,0.01300363540649414,0.0010969897698073691,15,sqrt,2,2,100,"{'clf__max_depth': 15, 'clf__max_features': 'sqrt', 'clf__min_samples_leaf': 2, 'clf__min_samples_split': 2, 'clf__n_estimators': 100}",1.0,1.0,1.0,1.0,1.0,1.0,0.0,1,1.0,1.0,1.0,1.0,1.0,1.0,0.0,1
0.024878740310668945,0.001144093579246458,0.007820844650268555,0.0016542333639762762,15,sqrt,2,5,10,"{'clf__max_depth': 15, 'clf__max_features': 'sqrt', 'clf__min_samples_leaf': 2, 'clf__min_samples_split': 5, 'clf__n_estimators': 10}",0.9949186991869918,0.9817073170731707,0.9949186991869918,1.0,1.0,0.994308943089431,0.006698071972879712,156,0.9949032083671221,0.9820288855945359,0.9949257710349318,1.0,1.0,0.994371572999318,0.006577082712010797,156
0.10498147010803223,0.006953998368144719,0.010726737976074218,0.001718234630789414,15,sqrt,2,5,50,"{'clf__max_depth': 15, 'clf__max_features': 'sqrt', 'clf__min_samples_leaf': 2, 'clf__min_samples_split': 5, 'clf__n_estimators': 50}",1.0,1.0,1.0,1.0,1.0,1.0,0.0,1,1.0,1.0,1.0,1.0,1.0,1.0,0.0,1
0.1932396411895752,0.0025881075833142134,0.012380456924438477,0.0005068298902052064,15,sqrt,2,5,100,"{'clf__max_depth': 15, 'clf__max_features': 'sqrt', 'clf__min_samples_leaf': 2, 'clf__min_samples_split': 5, 'clf__n_estimators': 100}",1.0,1.0,1.0,1.0,1.0,1.0,0.0,1,1.0,1.0,1.0,1.0,1.0,1.0,0.0,1
0.025209569931030275,0.0012474663071683069,0.00763397216796875,0.00045655312513303377,15,sqrt,2,10,10,"{'clf__max_depth': 15, 'clf__max_features': 'sqrt', 'clf__min_samples_leaf': 2, 'clf__min_samples_split': 10, 'clf__n_estimators': 10}",0.9908536585365854,0.991869918699187,0.9959349593495935,1.0,1.0,0.9957317073170732,0.003877801631776213,149,0.990841552116887,0.9918488370958138,0.9959730150492994,1.0,1.0,0.9957326808524,0.0038854901511670603,150
0.10043148994445801,0.0016511009214923117,0.01021561622619629,0.0007256675381882227,15,sqrt,2,10,50,"{'clf__max_depth': 15, 'clf__max_features': 'sqrt', 'clf__min_samples_leaf': 2, 'clf__min_samples_split': 10, 'clf__n_estimators': 50}",1.0,1.0,1.0,1.0,1.0,1.0,0.0,1,1.0,1.0,1.0,1.0,1.0,1.0,0.0,1
0.19400367736816407,0.0021787635929203554,0.012609910964965821,0.0003662492252739357,15,sqrt,2,10,100,"{'clf__max_depth': 15, 'clf__max_features': 'sqrt', 'clf__min_samples_leaf': 2, 'clf__min_samples_split': 10, 'clf__n_estimators': 100}",1.0,1.0,1.0,1.0,1.0,1.0,0.0,1,1.0,1.0,1.0,1.0,1.0,1.0,0.0,1
0.025104761123657227,0.001110437853127887,0.007403135299682617,0.0007983304624569534,15,sqrt,4,2,10,"{'clf__max_depth': 15, 'clf__max_features': 'sqrt', 'clf__min_samples_leaf': 4, 'clf__min_samples_split': 2, 'clf__n_estimators': 10}",0.9959349593495935,0.9817073170731707,0.9928861788617886,1.0,1.0,0.9941056910569106,0.006753352734079743,157,0.9959278897136797,0.9818388330942133,0.9928503363620669,1.0,1.0,0.9941234118339921,0.006706061636087963,157
0.10073542594909668,0.0020925757714359955,0.010040378570556641,0.0008277590313222514,15,sqrt,4,2,50,"{'clf__max_depth': 15, 'clf__max_features': 'sqrt', 'clf__min_samples_leaf': 4, 'clf__min_samples_split': 2, 'clf__n_estimators': 50}",1.0,1.0,1.0,1.0,1.0,1.0,0.0,1,1.0,1.0,1.0,1.0,1.0,1.0,0.0,1
0.1950620651245117,0.00343176244760964,0.01259150505065918,0.00049363118134084,15,sqrt,4,2,100,"{'clf__max_depth': 15, 'clf__max_features': 'sqrt', 'clf__min_samples_leaf': 4, 'clf__min_samples_split': 2, 'clf__n_estimators': 100}",1.0,1.0,1.0,1.0,1.0,1.0,0.0,1,1.0,1.0,1.0,1.0,1.0,1.0,0.0,1
0.0241849422454834,0.0004167880006471088,0.007426214218139648,0.0004175691173258438,15,sqrt,4,5,10,"{'clf__max_depth': 15, 'clf__max_features': 'sqrt', 'clf__min_samples_leaf': 4, 'clf__min_samples_split': 5, 'clf__n_estimators': 10}",0.9939024390243902,0.9867886178861789,0.9969512195121951,1.0,0.975609756097561,0.990650406504065,0.008704314270473117,164,0.9938918345705197,0.9867226385693284,0.9969698060853818,1.0,0.967479674796748,0.9890127908043956,0.011634069008048451,165
0.10152254104614258,0.0007649497220958068,0.01000056266784668,6.535898231926695e-05,15,sqrt,4,5,50,"{'clf__max_depth': 15, 'clf__max_features': 'sqrt', 'clf__min_samples_leaf': 4, 'clf__min_samples_split': 5, 'clf__n_estimators': 50}",1.0,1.0,1.0,1.0,1.0,1.0,0.0,1,1.0,1.0,1.0,1.0,1.0,1.0,0.0,1
0.19215874671936034,0.0018469972972181734,0.013097572326660156,0.00021503015927993387,15,sqrt,4,5,100,"{'clf__max_depth': 15, 'clf__max_features': 'sqrt', 'clf__min_samples_leaf': 4, 'clf__min_samples_split': 5, 'clf__n_estimators': 100}",1.0,1.0,1.0,1.0,1.0,1.0,0.0,1,1.0,1.0,1.0,1.0,1.0,1.0,0.0,1
0.024761438369750977,0.0006880752096878544,0.0074027061462402345,0.0004545361864155316,15,sqrt,4,10,10,"{'clf__max_depth': 15, 'clf__max_features': 'sqrt', 'clf__min_samples_leaf': 4, 'clf__min_samples_split': 10, 'clf__n_estimators': 10}",0.9979674796747967,0.9888211382113821,0.9898373983739838,1.0,0.975609756097561,0.9904471544715447,0.008613666707486626,165,0.9979639448568399,0.9889928518202517,0.9901976631249759,1.0,0.967479674796748,0.9889268269197631,0.01154022860093537,166
0.09945344924926758,0.0013693734591276676,0.010011529922485352,0.0006936546977199704,15,sqrt,4,10,50,"{'clf__max_depth': 15, 'clf__max_features': 'sqrt', 'clf__min_samples_leaf': 4, 'clf__min_samples_split': 10, 'clf__n_estimators': 50}",1.0,0.9969512195121951,1.0,1.0,1.0,0.999390243902439,0.0012195121951219523,99,1.0,0.9969392635102822,1.0,1.0,1.0,0.9993878527020564,0.001224294595887132,100
0.19274678230285644,0.001705626722769672,0.013039827346801758,0.0006035300993394073,15,sqrt,4,10,100,"{'clf__max_depth': 15, 'clf__max_features': 'sqrt', 'clf__min_samples_leaf': 4, 'clf__min_samples_split': 10, 'clf__n_estimators': 100}",1.0,1.0,1.0,1.0,1.0,1.0,0.0,1,1.0,1.0,1.0,1.0,1.0,1.0,0.0,1
0.021780872344970705,0.00044750283475916783,0.0076504707336425785,0.0004184882639963196,15,log2,1,2,10,"{'clf__max_depth': 15, 'clf__max_features': 'log2', 'clf__min_samples_leaf': 1, 'clf__min_samples_split': 2, 'clf__n_estimators': 10}",0.9908536585365854,0.991869918699187,0.9979674796747967,1.0,1.0,0.9961382113821138,0.003982910150866964,147,0.9910955390849113,0.9920535883099694,0.9979665971214641,1.0,1.0,0.9962231449032689,0.0038793411320408285,147
0.08654437065124512,0.0013045829161268878,0.010339593887329102,0.00041971318262771395,15,log2,1,2,50,"{'clf__max_depth': 15, 'clf__max_features': 'log2', 'clf__min_samples_leaf': 1, 'clf__min_samples_split': 2, 'clf__n_estimators': 50}",1.0,1.0,1.0,1.0,1.0,1.0,0.0,1,1.0,1.0,1.0,1.0,1.0,1.0,0.0,1
0.16299786567687988,0.002212295693052415,0.01320662498474121,0.0007175723959750583,15,log2,1,2,100,"{'clf__max_depth': 15, 'clf__max_features': 'log2', 'clf__min_samples_leaf': 1, 'clf__min_samples_split': 2, 'clf__n_estimators': 100}",1.0,1.0,1.0,1.0,1.0,1.0,0.0,1,1.0,1.0,1.0,1.0,1.0,1.0,0.0,1
0.022447633743286132,0.0009708305753718657,0.007186317443847656,0.0009629321945755668,15,log2,1,5,10,"{'clf__max_depth': 15, 'clf__max_features': 'log2', 'clf__min_samples_leaf': 1, 'clf__min_samples_split': 5, 'clf__n_estimators': 10}",0.9979674796747967,0.991869918699187,0.9949186991869918,1.0,1.0,0.996951219512195,0.0031487669481361285,136,0.9979639448568399,0.9918130649837966,0.9950087978465368,1.0,1.0,0.9969571615374345,0.003155604376214687,136
0.08597702980041504,0.0013130595084118511,0.009605216979980468,0.00045760694443400333,15,log2,1,5,50,"{'clf__max_depth': 15, 'clf__max_features': 'log2', 'clf__min_samples_leaf': 1, 'clf__min_samples_split': 5, 'clf__n_estimators': 50}",1.0,1.0,1.0,1.0,1.0,1.0,0.0,1,1.0,1.0,1.0,1.0,1.0,1.0,0.0,1
0.16439719200134278,0.0022679348217711456,0.013105821609497071,0.0002114600708936515,15,log2,1,5,100,"{'clf__max_depth': 15, 'clf__max_features': 'log2', 'clf__min_samples_leaf': 1, 'clf__min_samples_split': 5, 'clf__n_estimators': 100}",1.0,1.0,1.0,1.0,1.0,1.0,0.0,1,1.0,1.0,1.0,1.0,1.0,1.0,0.0,1
0.02108793258666992,0.0008565875873893129,0.0072974681854248045,0.0003873961771192387,15,log2,1,10,10,"{'clf__max_depth': 15, 'clf__max_features': 'log2', 'clf__min_samples_leaf': 1, 'clf__min_samples_split': 10, 'clf__n_estimators': 10}",0.9959349593495935,0.9857723577235772,0.9969512195121951,1.0,1.0,0.9957317073170732,0.005237438506798851,149,0.996002936617995,0.9854484612154133,0.9969392635102822,1.0,1.0,0.995678132268738,0.005360955159409037,152
0.08349533081054687,0.0006999922610601508,0.009801054000854492,0.0004053759972495133,15,log2,1,10,50,"{'clf__max_depth': 15, 'clf__max_features': 'log2', 'clf__min_samples_leaf': 1, 'clf__min_samples_split': 10, 'clf__n_estimators': 50}",1.0,1.0,1.0,1.0,1.0,1.0,0.0,1,1.0,1.0,1.0,1.0,1.0,1.0,0.0,1
0.16313648223876953,0.002718380198832473,0.012723588943481445,0.0005994420907597029,15,log2,1,10,100,"{'clf__max_depth': 15, 'clf__max_features': 'log2', 'clf__min_samples_leaf': 1, 'clf__min_samples_split': 10, 'clf__n_estimators': 100}",1.0,1.0,1.0,1.0,1.0,1.0,0.0,1,1.0,1.0,1.0,1.0,1.0,1.0,0.0,1
0.021491050720214844,0.0004693051805007673,0.007013845443725586,0.0006651338671595799,15,log2,2,2,10,"{'clf__max_depth': 15, 'clf__max_features': 'log2', 'clf__min_samples_leaf': 2, 'clf__min_samples_split': 2, 'clf__n_estimators': 10}",0.9969512195121951,0.9969512195121951,0.9989837398373984,1.0,1.0,0.9985772357723578,0.0013785223542937572,119,0.9969392635102822,0.9969392635102822,0.998983298560732,1.0,1.0,0.9985723651162592,0.001384138051584667,119
0.08479580879211426,0.0017644929558493828,0.010178375244140624,0.0007274380886250217,15,log2,2,2,50,"{'clf__max_depth': 15, 'clf__max_features': 'log2', 'clf__min_samples_leaf': 2, 'clf__min_samples_split': 2, 'clf__n_estimators': 50}",1.0,1.0,1.0,1.0,1.0,1.0,0.0,1,1.0,1.0,1.0,1.0,1.0,1.0,0.0,1
0.1634531021118164,0.0013408587718047706,0.013139104843139649,0.00029333577163892234,15,log2,2,2,100,"{'clf__max_depth': 15, 'clf__max_features': 'log2', 'clf__min_samples_leaf': 2, 'clf__min_samples_split': 2, 'clf__n_estimators': 100}",1.0,1.0,1.0,1.0,1.0,1.0,0.0,1,1.0,1.0,1.0,1.0,1.0,1.0,0.0,1
0.02170720100402832,0.000742873446681742,0.007607936859130859,0.0004983401620130631,15,log2,2,5,10,"{'clf__max_depth': 15, 'clf__max_features': 'log2', 'clf__min_samples_leaf': 2, 'clf__min_samples_split': 5, 'clf__n_estimators': 10}",0.9857723577235772,0.9949186991869918,0.9959349593495935,1.0,1.0,0.9953252032520326,0.0052057920629535554,153,0.9856538071571456,0.9950125719468844,0.9959941963292841,1.0,1.0,0.9953321150866629,0.005249540987493833,153
0.08346047401428222,0.001535328858155696,0.010362339019775391,0.0009743921019183115,15,log2,2,5,50,"{'clf__max_depth': 15, 'clf__max_features': 'log2', 'clf__min_samples_leaf': 2, 'clf__min_samples_split': 5, 'clf__n_estimators': 50}",1.0,1.0,1.0,1.0,1.0,1.0,0.0,1,1.0,1.0,1.0,1.0,1.0,1.0,0.0,1
0.16351099014282228,0.0014286948144697454,0.013053321838378906,0.0002063074194795183,15,log2,2,5,100,"{'clf__max_depth': 15, 'clf__max_features': 'log2', 'clf__min_samples_leaf': 2, 'clf__min_samples_split': 5, 'clf__n_estimators': 100}",1.0,1.0,1.0,1.0,1.0,1.0,0.0,1,1.0,1.0,1.0,1.0,1.0,1.0,0.0,1
0.02156519889831543,0.0004166318384276346,0.007006311416625976,7.665913323574774e-05,15,log2,2,10,10,"{'clf__max_depth': 15, 'clf__max_features': 'log2', 'clf__min_samples_leaf': 2, 'clf__min_samples_split': 10, 'clf__n_estimators': 10}",0.9939024390243902,0.9888211382113821,0.9979674796747967,1.0,1.0,0.9961382113821138,0.004282786078395435,147,0.9940122326124446,0.9890410625449465,0.9979665971214641,1.0,1.0,0.996203978455771,0.004196129118042774,148
0.08365325927734375,0.0014295530080555912,0.010216140747070312,0.0009779315810158318,15,log2,2,10,50,"{'clf__max_depth': 15, 'clf__max_features': 'log2', 'clf__min_samples_leaf': 2, 'clf__min_samples_split': 10, 'clf__n_estimators': 50}",1.0,1.0,1.0,1.0,1.0,1.0,0.0,1,1.0,1.0,1.0,1.0,1.0,1.0,0.0,1
0.16160116195678711,0.0012703891828175756,0.01348562240600586,0.0007999139305818054,15,log2,2,10,100,"{'clf__max_depth': 15, 'clf__max_features': 'log2', 'clf__min_samples_leaf': 2, 'clf__min_samples_split': 10, 'clf__n_estimators': 100}",1.0,1.0,1.0,1.0,1.0,1.0,0.0,1,1.0,1.0,1.0,1.0,1.0,1.0,0.0,1
0.02234020233154297,0.001619184350997564,0.0071757793426513675,0.0003566840305604027,15,log2,4,2,10,"{'clf__max_depth': 15, 'clf__max_features': 'log2', 'clf__min_samples_leaf': 4, 'clf__min_samples_split': 2, 'clf__n_estimators': 10}",0.9949186991869918,0.9898373983739838,0.9939024390243902,1.0,1.0,0.9957317073170732,0.0038778016317761953,149,0.9948629587217329,0.9897661670888549,0.9939229042259854,1.0,1.0,0.9957104060073145,0.0038999625404352585,151
0.08420090675354004,0.0013191178225511946,0.010214948654174804,0.0007501744810426743,15,log2,4,2,50,"{'clf__max_depth': 15, 'clf__max_features': 'log2', 'clf__min_samples_leaf': 4, 'clf__min_samples_split': 2, 'clf__n_estimators': 50}",1.0,0.9969512195121951,1.0,1.0,1.0,0.999390243902439,0.0012195121951219523,99,1.0,0.9969392635102822,1.0,1.0,1.0,0.9993878527020564,0.001224294595887132,100
0.1628251552581787,0.0032726508258044407,0.012932443618774414,0.0006546024710702769,15,log2,4,2,100,"{'clf__max_depth': 15, 'clf__max_features': 'log2', 'clf__min_samples_leaf': 4, 'clf__min_samples_split': 2, 'clf__n_estimators': 100}",1.0,1.0,1.0,1.0,1.0,1.0,0.0,1,1.0,1.0,1.0,1.0,1.0,1.0,0.0,1
0.021367263793945313,0.000848906222160925,0.007413721084594727,0.0010293834801075735,15,log2,4,5,10,"{'clf__max_depth': 15, 'clf__max_features': 'log2', 'clf__min_samples_leaf': 4, 'clf__min_samples_split': 5, 'clf__n_estimators': 10}",0.9806910569105691,0.9867886178861789,0.9989837398373984,1.0,1.0,0.9932926829268294,0.00804323534041031,159,0.9803439073004291,0.9865558173739857,0.998983298560732,1.0,1.0,0.9931766046470294,0.008189604237051416,159
0.08778977394104004,0.004896152523352163,0.0100189208984375,0.0006331384388190666,15,log2,4,5,50,"{'clf__max_depth': 15, 'clf__max_features': 'log2', 'clf__min_samples_leaf': 4, 'clf__min_samples_split': 5, 'clf__n_estimators': 50}",1.0,1.0,1.0,1.0,1.0,1.0,0.0,1,1.0,1.0,1.0,1.0,1.0,1.0,0.0,1
0.179364013671875,0.005611914976956515,0.01459965705871582,0.0008008965000303851,15,log2,4,5,100,"{'clf__max_depth': 15, 'clf__max_features': 'log2', 'clf__min_samples_leaf': 4, 'clf__min_samples_split': 5, 'clf__n_estimators': 100}",1.0,1.0,1.0,1.0,1.0,1.0,0.0,1,1.0,1.0,1.0,1.0,1.0,1.0,0.0,1
0.022498559951782227,0.000773978294662451,0.007705831527709961,0.00039875886470549127,15,log2,4,10,10,"{'clf__max_depth': 15, 'clf__max_features': 'log2', 'clf__min_samples_leaf': 4, 'clf__min_samples_split': 10, 'clf__n_estimators': 10}",0.9898373983739838,0.9888211382113821,1.0,1.0,1.0,0.9957317073170732,0.005237438506798838,149,0.9897885783357682,0.9889008991011367,1.0,1.0,1.0,0.995737895487381,0.0052275328556682385,149
0.08763251304626465,0.0037333676442257175,0.01006317138671875,0.0006775253653009481,15,log2,4,10,50,"{'clf__max_depth': 15, 'clf__max_features': 'log2', 'clf__min_samples_leaf': 4, 'clf__min_samples_split': 10, 'clf__n_estimators': 50}",1.0,1.0,1.0,1.0,1.0,1.0,0.0,1,1.0,1.0,1.0,1.0,1.0,1.0,0.0,1
0.1642918586730957,0.0025786143583489338,0.013103437423706055,0.0006510011928458474,15,log2,4,10,100,"{'clf__max_depth': 15, 'clf__max_features': 'log2', 'clf__min_samples_leaf': 4, 'clf__min_samples_split': 10, 'clf__n_estimators': 100}",1.0,1.0,1.0,1.0,1.0,1.0,0.0,1,1.0,1.0,1.0,1.0,1.0,1.0,0.0,1
0.02720012664794922,0.0012896921064270443,0.007609319686889648,0.0008010996153290637,20,sqrt,1,2,10,"{'clf__max_depth': 20, 'clf__max_features': 'sqrt', 'clf__min_samples_leaf': 1, 'clf__min_samples_split': 2, 'clf__n_estimators': 10}",0.9908536585365854,1.0,1.0,1.0,1.0,0.998170731707317,0.003658536585365857,126,0.9909130642032454,1.0,1.0,1.0,1.0,0.998182612840649,0.003634774318701828,127
0.10906634330749512,0.002049269534359969,0.010102319717407226,0.0004866305403449905,20,sqrt,1,2,50,"{'clf__max_depth': 20, 'clf__max_features': 'sqrt', 'clf__min_samples_leaf': 1, 'clf__min_samples_split': 2, 'clf__n_estimators': 50}",1.0,1.0,1.0,1.0,1.0,1.0,0.0,1,1.0,1.0,1.0,1.0,1.0,1.0,0.0,1
0.21468257904052734,0.004926375257001573,0.013721752166748046,0.0007665209658786652,20,sqrt,1,2,100,"{'clf__max_depth': 20, 'clf__max_features': 'sqrt', 'clf__min_samples_leaf': 1, 'clf__min_samples_split': 2, 'clf__n_estimators': 100}",1.0,1.0,1.0,1.0,1.0,1.0,0.0,1,1.0,1.0,1.0,1.0,1.0,1.0,0.0,1
0.02669076919555664,0.0003985659124974612,0.0076161384582519535,0.00078801147928743,20,sqrt,1,5,10,"{'clf__max_depth': 20, 'clf__max_features': 'sqrt', 'clf__min_samples_leaf': 1, 'clf__min_samples_split': 5, 'clf__n_estimators': 10}",1.0,1.0,0.9969512195121951,1.0,1.0,0.999390243902439,0.0012195121951219523,99,1.0,1.0,0.9969392635102822,1.0,1.0,0.9993878527020564,0.001224294595887132,100
0.1102372169494629,0.002830024961069193,0.010706567764282226,0.0006095472751184598,20,sqrt,1,5,50,"{'clf__max_depth': 20, 'clf__max_features': 'sqrt', 'clf__min_samples_leaf': 1, 'clf__min_samples_split': 5, 'clf__n_estimators': 50}",1.0,1.0,1.0,1.0,1.0,1.0,0.0,1,1.0,1.0,1.0,1.0,1.0,1.0,0.0,1
0.21354899406433106,0.0019459254512240196,0.013800954818725586,0.0003991701968856325,20,sqrt,1,5,100,"{'clf__max_depth': 20, 'clf__max_features': 'sqrt', 'clf__min_samples_leaf': 1, 'clf__min_samples_split': 5, 'clf__n_estimators': 100}",1.0,1.0,1.0,1.0,1.0,1.0,0.0,1,1.0,1.0,1.0,1.0,1.0,1.0,0.0,1
0.027295684814453124,0.0017218895188197856,0.007324361801147461,0.0007408579136757002,20,sqrt,1,10,10,"{'clf__max_depth': 20, 'clf__max_features': 'sqrt', 'clf__min_samples_leaf': 1, 'clf__min_samples_split': 10, 'clf__n_estimators': 10}",0.9949186991869918,0.9969512195121951,1.0,1.0,1.0,0.9983739837398374,0.002092607752233144,121,0.9949032083671221,0.9969392635102822,1.0,1.0,1.0,0.9983684943754809,0.0020993494132362242,124
0.10982036590576172,0.0011050964144526528,0.009755945205688477,0.0004320332963051986,20,sqrt,1,10,50,"{'clf__max_depth': 20, 'clf__max_features': 'sqrt', 'clf__min_samples_leaf': 1, 'clf__min_samples_split': 10, 'clf__n_estimators': 50}",1.0,1.0,1.0,1.0,1.0,1.0,0.0,1,1.0,1.0,1.0,1.0,1.0,1.0,0.0,1
0.21404061317443848,0.001602524300187137,0.013819503784179687,0.0007286072151823184,20,sqrt,1,10,100,"{'clf__max_depth': 20, 'clf__max_features': 'sqrt', 'clf__min_samples_leaf': 1, 'clf__min_samples_split': 10, 'clf__n_estimators': 100}",1.0,1.0,1.0,1.0,1.0,1.0,0.0,1,1.0,1.0,1.0,1.0,1.0,1.0,0.0,1
0.02743535041809082,0.0009528846499319463,0.007796573638916016,0.001169186581460172,20,sqrt,2,2,10,"{'clf__max_depth': 20, 'clf__max_features': 'sqrt', 'clf__min_samples_leaf': 2, 'clf__min_samples_split': 2, 'clf__n_estimators': 10}",1.0,0.9969512195121951,1.0,1.0,1.0,0.999390243902439,0.0012195121951219523,99,1.0,0.9969392635102822,1.0,1.0,1.0,0.9993878527020564,0.001224294595887132,100
0.10948829650878907,0.001772631219318489,0.010406875610351562,0.0007960560161928789,20,sqrt,2,2,50,"{'clf__max_depth': 20, 'clf__max_features': 'sqrt', 'clf__min_samples_leaf': 2, 'clf__min_samples_split': 2, 'clf__n_estimators': 50}",1.0,1.0,1.0,1.0,1.0,1.0,0.0,1,1.0,1.0,1.0,1.0,1.0,1.0,0.0,1
0.2155735969543457,0.003917499699802847,0.013640022277832032,0.0008188976871385218,20,sqrt,2,2,100,"{'clf__max_depth': 20, 'clf__max_features': 'sqrt', 'clf__min_samples_leaf': 2, 'clf__min_samples_split': 2, 'clf__n_estimators': 100}",1.0,1.0,1.0,1.0,1.0,1.0,0.0,1,1.0,1.0,1.0,1.0,1.0,1.0,0.0,1
0.02718658447265625,0.0014004787896833468,0.007765007019042969,0.0011882328614913214,20,sqrt,2,5,10,"{'clf__max_depth': 20, 'clf__max_features': 'sqrt', 'clf__min_samples_leaf': 2, 'clf__min_samples_split': 5, 'clf__n_estimators': 10}",0.9979674796747967,0.9939024390243902,0.9979674796747967,1.0,1.0,0.9979674796747968,0.0022265144614031164,128,0.9979639448568399,0.9938904830224773,0.9979639448568399,1.0,1.0,0.9979636745472314,0.0022308801869508716,128
0.1149106502532959,0.008074682383060361,0.010914945602416992,0.0006544309637877628,20,sqrt,2,5,50,"{'clf__max_depth': 20, 'clf__max_features': 'sqrt', 'clf__min_samples_leaf': 2, 'clf__min_samples_split': 5, 'clf__n_estimators': 50}",1.0,1.0,1.0,1.0,1.0,1.0,0.0,1,1.0,1.0,1.0,1.0,1.0,1.0,0.0,1
0.2174999237060547,0.009059753511299902,0.014278030395507813,0.0007823195757618829,20,sqrt,2,5,100,"{'clf__max_depth': 20, 'clf__max_features': 'sqrt', 'clf__min_samples_leaf': 2, 'clf__min_samples_split': 5, 'clf__n_estimators': 100}",1.0,1.0,1.0,1.0,1.0,1.0,0.0,1,1.0,1.0,1.0,1.0,1.0,1.0,0.0,1
0.029722976684570312,0.0007874739141552558,0.008430719375610352,0.0005132751232152088,20,sqrt,2,10,10,"{'clf__max_depth': 20, 'clf__max_features': 'sqrt', 'clf__min_samples_leaf': 2, 'clf__min_samples_split': 10, 'clf__n_estimators': 10}",0.9979674796747967,1.0,0.9979674796747967,1.0,1.0,0.9991869918699188,0.0009957275377167581,108,0.9979639448568399,1.0,0.9979865075246497,1.0,1.0,0.9991900904762978,0.0009919581958292712,108
0.12191848754882813,0.007225940450431222,0.011634302139282227,0.001015392068049707,20,sqrt,2,10,50,"{'clf__max_depth': 20, 'clf__max_features': 'sqrt', 'clf__min_samples_leaf': 2, 'clf__min_samples_split': 10, 'clf__n_estimators': 50}",1.0,1.0,1.0,1.0,1.0,1.0,0.0,1,1.0,1.0,1.0,1.0,1.0,1.0,0.0,1
0.22792840003967285,0.010951580414380034,0.014786148071289062,0.0007598107469666788,20,sqrt,2,10,100,"{'clf__max_depth': 20, 'clf__max_features': 'sqrt', 'clf__min_samples_leaf': 2, 'clf__min_samples_split': 10, 'clf__n_estimators': 100}",1.0,1.0,1.0,1.0,1.0,1.0,0.0,1,1.0,1.0,1.0,1.0,1.0,1.0,0.0,1
0.02908492088317871,0.0016380939032374742,0.007808494567871094,0.000743374362527281,20,sqrt,4,2,10,"{'clf__max_depth': 20, 'clf__max_features': 'sqrt', 'clf__min_samples_leaf': 4, 'clf__min_samples_split': 2, 'clf__n_estimators': 10}",0.9969512195121951,0.9939024390243902,0.9969512195121951,1.0,1.0,0.9975609756097562,0.0022814984065694785,132,0.9969392635102822,0.9938785270205643,0.9969698060853818,1.0,1.0,0.9975575193232457,0.002288844912878489,132
0.12036223411560058,0.005736656128132696,0.011500263214111328,0.0009108403504049965,20,sqrt,4,2,50,"{'clf__max_depth': 20, 'clf__max_features': 'sqrt', 'clf__min_samples_leaf': 4, 'clf__min_samples_split': 2, 'clf__n_estimators': 50}",1.0,1.0,1.0,1.0,1.0,1.0,0.0,1,1.0,1.0,1.0,1.0,1.0,1.0,0.0,1
0.22323641777038575,0.010414063448479338,0.015622091293334962,0.002072321942876769,20,sqrt,4,2,100,"{'clf__max_depth': 20, 'clf__max_features': 'sqrt', 'clf__min_samples_leaf': 4, 'clf__min_samples_split': 2, 'clf__n_estimators': 100}",1.0,1.0,1.0,1.0,1.0,1.0,0.0,1,1.0,1.0,1.0,1.0,1.0,1.0,0.0,1
0.03016529083251953,0.0024923003829899967,0.007789516448974609,0.0007418626867905884,20,sqrt,4,5,10,"{'clf__max_depth': 20, 'clf__max_features': 'sqrt', 'clf__min_samples_leaf': 4, 'clf__min_samples_split': 5, 'clf__n_estimators': 10}",0.9979674796747967,0.9857723577235772,1.0,1.0,1.0,0.9967479674796748,0.005543976299587764,141,0.9979639448568399,0.9856807492525794,1.0,1.0,1.0,0.9967289388218837,0.0055800941991798105,141
0.11022987365722656,0.0021409279964510123,0.009957504272460938,0.00023659386460260943,20,sqrt,4,5,50,"{'clf__max_depth': 20, 'clf__max_features': 'sqrt', 'clf__min_samples_leaf': 4, 'clf__min_samples_split': 5, 'clf__n_estimators': 50}",1.0,1.0,1.0,1.0,1.0,1.0,0.0,1,1.0,1.0,1.0,1.0,1.0,1.0,0.0,1
0.21121549606323242,0.0023573419959350694,0.01387944221496582,0.0006340688855649859,20,sqrt,4,5,100,"{'clf__max_depth': 20, 'clf__max_features': 'sqrt', 'clf__min_samples_leaf': 4, 'clf__min_samples_split': 5, 'clf__n_estimators': 100}",1.0,1.0,1.0,1.0,1.0,1.0,0.0,1,1.0,1.0,1.0,1.0,1.0,1.0,0.0,1
0.02602419853210449,0.0001525201945340672,0.007560348510742188,0.0004552985314116311,20,sqrt,4,10,10,"{'clf__max_depth': 20, 'clf__max_features': 'sqrt', 'clf__min_samples_leaf': 4, 'clf__min_samples_split': 10, 'clf__n_estimators': 10}",0.9969512195121951,0.9928861788617886,0.9928861788617886,1.0,1.0,0.9965447154471544,0.0031878835653166774,142,0.9969392635102822,0.9928457960021805,0.9930021730128247,1.0,1.0,0.9965574465050574,0.0031706293513004955,143
0.10861001014709473,0.0014193606378069675,0.01071615219116211,0.0007602972142940108,20,sqrt,4,10,50,"{'clf__max_depth': 20, 'clf__max_features': 'sqrt', 'clf__min_samples_leaf': 4, 'clf__min_samples_split': 10, 'clf__n_estimators': 50}",1.0,1.0,1.0,1.0,1.0,1.0,0.0,1,1.0,1.0,1.0,1.0,1.0,1.0,0.0,1
0.2132798194885254,0.00364469444445358,0.013988971710205078,7.006423947221136e-05,20,sqrt,4,10,100,"{'clf__max_depth': 20, 'clf__max_features': 'sqrt', 'clf__min_samples_leaf': 4, 'clf__min_samples_split': 10, 'clf__n_estimators': 100}",1.0,1.0,1.0,1.0,1.0,1.0,0.0,1,1.0,1.0,1.0,1.0,1.0,1.0,0.0,1
0.022812652587890624,0.0004143836828442009,0.007816648483276368,0.0007264083430403849,20,log2,1,2,10,"{'clf__max_depth': 20, 'clf__max_features': 'log2', 'clf__min_samples_leaf': 1, 'clf__min_samples_split': 2, 'clf__n_estimators': 10}",0.9959349593495935,1.0,0.9989837398373984,1.0,1.0,0.9989837398373984,0.0015743834740680426,110,0.9959065324918983,1.0,0.998983298560732,1.0,1.0,0.998977966210526,0.001585395390580002,114
0.0924006462097168,0.0012324620810068056,0.0102874755859375,0.0003655475267391876,20,log2,1,2,50,"{'clf__max_depth': 20, 'clf__max_features': 'log2', 'clf__min_samples_leaf': 1, 'clf__min_samples_split': 2, 'clf__n_estimators': 50}",1.0,1.0,1.0,1.0,1.0,1.0,0.0,1,1.0,1.0,1.0,1.0,1.0,1.0,0.0,1
0.1776517868041992,0.001942607121467789,0.013596391677856446,0.0004945878947889989,20,log2,1,2,100,"{'clf__max_depth': 20, 'clf__max_features': 'log2', 'clf__min_samples_leaf': 1, 'clf__min_samples_split': 2, 'clf__n_estimators': 100}",1.0,1.0,1.0,1.0,1.0,1.0,0.0,1,1.0,1.0,1.0,1.0,1.0,1.0,0.0,1
0.022609186172485352,0.0005821574669200037,0.006998920440673828,0.0006327712382592692,20,log2,1,5,10,"{'clf__max_depth': 20, 'clf__max_features': 'log2', 'clf__min_samples_leaf': 1, 'clf__min_samples_split': 5, 'clf__n_estimators': 10}",1.0,1.0,1.0,1.0,1.0,1.0,0.0,1,1.0,1.0,1.0,1.0,1.0,1.0,0.0,1
0.09193682670593262,0.0010370236384144573,0.010810184478759765,0.0014669783491208304,20,log2,1,5,50,"{'clf__max_depth': 20, 'clf__max_features': 'log2', 'clf__min_samples_leaf': 1, 'clf__min_samples_split': 5, 'clf__n_estimators': 50}",1.0,1.0,1.0,1.0,1.0,1.0,0.0,1,1.0,1.0,1.0,1.0,1.0,1.0,0.0,1
0.1776432514190674,0.001766423023714055,0.013926410675048828,0.0006352703838285387,20,log2,1,5,100,"{'clf__max_depth': 20, 'clf__max_features': 'log2', 'clf__min_samples_leaf': 1, 'clf__min_samples_split': 5, 'clf__n_estimators': 100}",1.0,1.0,1.0,1.0,1.0,1.0,0.0,1,1.0,1.0,1.0,1.0,1.0,1.0,0.0,1
0.02321286201477051,0.0012053382632962318,0.007002925872802735,5.2047513020808145e-05,20,log2,1,10,10,"{'clf__max_depth': 20, 'clf__max_features': 'log2', 'clf__min_samples_leaf': 1, 'clf__min_samples_split': 10, 'clf__n_estimators': 10}",1.0,0.9969512195121951,0.9969512195121951,1.0,1.0,0.998780487804878,0.00149359130657511,115,1.0,0.9969392635102822,0.9969277742910526,1.0,1.0,0.998773407560267,0.0015022671932886102,117
0.09102249145507812,0.0017207586527738196,0.010405921936035156,0.0004601675385135392,20,log2,1,10,50,"{'clf__max_depth': 20, 'clf__max_features': 'log2', 'clf__min_samples_leaf': 1, 'clf__min_samples_split': 10, 'clf__n_estimators': 50}",1.0,1.0,1.0,1.0,1.0,1.0,0.0,1,1.0,1.0,1.0,1.0,1.0,1.0,0.0,1
0.1770852565765381,0.0014971775403805243,0.01381678581237793,0.0007449503080653172,20,log2,1,10,100,"{'clf__max_depth': 20, 'clf__max_features': 'log2', 'clf__min_samples_leaf': 1, 'clf__min_samples_split': 10, 'clf__n_estimators': 100}",1.0,1.0,1.0,1.0,1.0,1.0,0.0,1,1.0,1.0,1.0,1.0,1.0,1.0,0.0,1
0.023312854766845702,0.0011690334833322376,0.007818126678466797,0.000777843887862994,20,log2,2,2,10,"{'clf__max_depth': 20, 'clf__max_features': 'log2', 'clf__min_samples_leaf': 2, 'clf__min_samples_split': 2, 'clf__n_estimators': 10}",0.9979674796747967,1.0,1.0,1.0,1.0,0.9995934959349594,0.0008130081300813163,96,0.9979639448568399,1.0,1.0,1.0,1.0,0.999592788971368,0.0008144220572640303,96
0.09356884956359864,0.003271058232416668,0.01022167205810547,0.0007190277993845705,20,log2,2,2,50,"{'clf__max_depth': 20, 'clf__max_features': 'log2', 'clf__min_samples_leaf': 2, 'clf__min_samples_split': 2, 'clf__n_estimators': 50}",1.0,1.0,1.0,1.0,1.0,1.0,0.0,1,1.0,1.0,1.0,1.0,1.0,1.0,0.0,1
0.1770596981048584,0.0016865942710744487,0.01379861831665039,0.0007493762664830064,20,log2,2,2,100,"{'clf__max_depth': 20, 'clf__max_features': 'log2', 'clf__min_samples_leaf': 2, 'clf__min_samples_split': 2, 'clf__n_estimators': 100}",1.0,1.0,1.0,1.0,1.0,1.0,0.0,1,1.0,1.0,1.0,1.0,1.0,1.0,0.0,1
0.024631452560424805,0.0019947316453778003,0.00764613151550293,0.0004411850713019031,20,log2,2,5,10,"{'clf__max_depth': 20, 'clf__max_features': 'log2', 'clf__min_samples_leaf': 2, 'clf__min_samples_split': 5, 'clf__n_estimators': 10}",1.0,1.0,1.0,1.0,1.0,1.0,0.0,1,1.0,1.0,1.0,1.0,1.0,1.0,0.0,1
0.09004626274108887,0.00039937882113816683,0.010817718505859376,0.0007297401176813608,20,log2,2,5,50,"{'clf__max_depth': 20, 'clf__max_features': 'log2', 'clf__min_samples_leaf': 2, 'clf__min_samples_split': 5, 'clf__n_estimators': 50}",1.0,1.0,1.0,1.0,1.0,1.0,0.0,1,1.0,1.0,1.0,1.0,1.0,1.0,0.0,1
0.17638106346130372,0.005252953101647388,0.014587640762329102,0.0005984266630550145,20,log2,2,5,100,"{'clf__max_depth': 20, 'clf__max_features': 'log2', 'clf__min_samples_leaf': 2, 'clf__min_samples_split': 5, 'clf__n_estimators': 100}",1.0,1.0,1.0,1.0,1.0,1.0,0.0,1,1.0,1.0,1.0,1.0,1.0,1.0,0.0,1
0.024032449722290038,0.0009060275245972408,0.007162570953369141,0.00041158218024147443,20,log2,2,10,10,"{'clf__max_depth': 20, 'clf__max_features': 'log2', 'clf__min_samples_leaf': 2, 'clf__min_samples_split': 10, 'clf__n_estimators': 10}",1.0,1.0,1.0,1.0,1.0,1.0,0.0,1,1.0,1.0,1.0,1.0,1.0,1.0,0.0,1
0.0918738842010498,0.002003366483928263,0.011001777648925782,6.672541679078205e-05,20,log2,2,10,50,"{'clf__max_depth': 20, 'clf__max_features': 'log2', 'clf__min_samples_leaf': 2, 'clf__min_samples_split': 10, 'clf__n_estimators': 50}",1.0,1.0,1.0,1.0,1.0,1.0,0.0,1,1.0,1.0,1.0,1.0,1.0,1.0,0.0,1
0.17957673072814942,0.004932852437994246,0.01437997817993164,0.00045990925369140305,20,log2,2,10,100,"{'clf__max_depth': 20, 'clf__max_features': 'log2', 'clf__min_samples_leaf': 2, 'clf__min_samples_split': 10, 'clf__n_estimators': 100}",1.0,1.0,1.0,1.0,1.0,1.0,0.0,1,1.0,1.0,1.0,1.0,1.0,1.0,0.0,1
0.02390289306640625,0.0011165767184199127,0.007404899597167969,0.0004830272999506343,20,log2,4,2,10,"{'clf__max_depth': 20, 'clf__max_features': 'log2', 'clf__min_samples_leaf': 4, 'clf__min_samples_split': 2, 'clf__n_estimators': 10}",1.0,1.0,0.9989837398373984,1.0,1.0,0.9997967479674796,0.000406504065040636,93,1.0,1.0,0.998983298560732,1.0,1.0,0.9997966597121465,0.00040668057570720785,93
0.08982362747192382,0.0019282942859730474,0.01059412956237793,0.0007368213920095942,20,log2,4,2,50,"{'clf__max_depth': 20, 'clf__max_features': 'log2', 'clf__min_samples_leaf': 4, 'clf__min_samples_split': 2, 'clf__n_estimators': 50}",1.0,1.0,1.0,1.0,1.0,1.0,0.0,1,1.0,1.0,1.0,1.0,1.0,1.0,0.0,1
0.17458934783935548,0.0036426154032549386,0.014613056182861328,0.0005063788495337738,20,log2,4,2,100,"{'clf__max_depth': 20, 'clf__max_features': 'log2', 'clf__min_samples_leaf': 4, 'clf__min_samples_split': 2, 'clf__n_estimators': 100}",1.0,1.0,1.0,1.0,1.0,1.0,0.0,1,1.0,1.0,1.0,1.0,1.0,1.0,0.0,1
0.024379539489746093,0.000983480891594217,0.007422399520874023,0.000789049871911741,20,log2,4,5,10,"{'clf__max_depth': 20, 'clf__max_features': 'log2', 'clf__min_samples_leaf': 4, 'clf__min_samples_split': 5, 'clf__n_estimators': 10}",0.9908536585365854,0.9979674796747967,1.0,1.0,1.0,0.9977642276422763,0.0035438202793013633,129,0.9907908484354125,0.9979639448568399,1.0,1.0,1.0,0.9977509586584505,0.0035682785290820055,131
0.09101676940917969,0.0014747042735317234,0.010801410675048828,0.00040682109342888727,20,log2,4,5,50,"{'clf__max_depth': 20, 'clf__max_features': 'log2', 'clf__min_samples_leaf': 4, 'clf__min_samples_split': 5, 'clf__n_estimators': 50}",1.0,1.0,1.0,1.0,1.0,1.0,0.0,1,1.0,1.0,1.0,1.0,1.0,1.0,0.0,1
0.17534112930297852,0.0017230450042991514,0.01365957260131836,0.00035871330209484044,20,log2,4,5,100,"{'clf__max_depth': 20, 'clf__max_features': 'log2', 'clf__min_samples_leaf': 4, 'clf__min_samples_split': 5, 'clf__n_estimators': 100}",1.0,1.0,1.0,1.0,1.0,1.0,0.0,1,1.0,1.0,1.0,1.0,1.0,1.0,0.0,1
0.024116706848144532,0.0007927556703540091,0.007103967666625977,0.0006631005157503464,20,log2,4,10,10,"{'clf__max_depth': 20, 'clf__max_features': 'log2', 'clf__min_samples_leaf': 4, 'clf__min_samples_split': 10, 'clf__n_estimators': 10}",0.9949186991869918,0.9939024390243902,1.0,1.0,1.0,0.9977642276422763,0.0027570447085875174,129,0.9950125719468843,0.9938785270205643,1.0,1.0,1.0,0.9977782197934897,0.0027446432771040465,129
0.09300775527954101,0.0018750200011612578,0.010394668579101563,0.0010117864904390333,20,log2,4,10,50,"{'clf__max_depth': 20, 'clf__max_features': 'log2', 'clf__min_samples_leaf': 4, 'clf__min_samples_split': 10, 'clf__n_estimators': 50}",1.0,1.0,1.0,1.0,1.0,1.0,0.0,1,1.0,1.0,1.0,1.0,1.0,1.0,0.0,1
0.17617568969726563,0.004236281198411514,0.014220428466796876,0.00047236788069666833,20,log2,4,10,100,"{'clf__max_depth': 20, 'clf__max_features': 'log2', 'clf__min_samples_leaf': 4, 'clf__min_samples_split': 10, 'clf__n_estimators': 100}",1.0,1.0,1.0,1.0,1.0,1.0,0.0,1,1.0,1.0,1.0,1.0,1.0,1.0,0.0,1
